Medicine 💊 ,Start Time,End Time,Duration,Side,Type,Count,Amount (ml/cc),,,,,
,5/24/2023 17:46,5/24/2023 18:11,25,Right,Breastfeeding,,,,,,,
Motrin,5/24/2023 19:58,5/24/2023 20:32,34,Left,Breastfeeding,1,,,,,,
,5/24/2023 22:32,5/24/2023 22:49,17,Right,Breastfeeding,,,,,,,
Motrin,5/24/2023 23:57,5/25/2023 0:23,26,Left,Breastfeeding,1,,,,,,
,5/25/2023 3:50,5/25/2023 4:10,20,Right,Breastfeeding,,,,,,,
Motrin,5/25/2023 6:40,5/25/2023 7:00,20,Left,Breastfeeding,1,,,,,,
,5/25/2023 8:20,5/25/2023 8:40,20,Right,Breastfeeding,,,,,,,
,5/25/2023 9:16,5/25/2023 9:31,15,Left,Breastfeeding,,,,,,,
Motrin,5/25/2023 11:36,5/25/2023 11:52,16,Right,Breastfeeding,1,,,,,,
,5/25/2023 14:07,5/25/2023 14:38,31,Left,Breastfeeding,,,,,,,
,5/25/2023 15:03,5/25/2023 15:17,14,Right,Breastfeeding,,,,,,,
Tylenol ,5/25/2023 17:01,5/25/2023 17:36,35,Right,Breastfeeding,1,,,,,,
,5/25/2023 17:44,5/25/2023 17:58,14,Left,Breastfeeding,,,,,,,
,5/25/2023 20:06,5/25/2023 20:26,20,Left,Breastfeeding,,,,,,,
,5/25/2023 20:31,5/25/2023 20:53,22,Right,Breastfeeding,,,,,,,
,5/25/2023 22:40,5/25/2023 22:52,12,Left,Breastfeeding,,,,,,,
,5/25/2023 23:04,5/25/2023 23:19,15,Left,Breastfeeding,,,,,,,
Tylenol ,5/25/2023 23:24,5/25/2023 23:36,12,Right,Breastfeeding,1,,,,,,
,5/26/2023 1:00,5/26/2023 1:19,19,Right,Breastfeeding,,,,,,,
,5/26/2023 1:50,5/26/2023 2:05,15,Left,Breastfeeding,,,,,,,
,5/26/2023 4:16,5/26/2023 4:36,20,Right,Breastfeeding,,,,,,,
,5/26/2023 4:40,5/26/2023 5:00,20,Left ,Breastfeeding,,,,,,,
,5/26/2023 10:14,5/26/2023 10:44,30,Right,Breastfeeding,,,,,,,
,5/26/2023 12:15,5/26/2023 12:23,8,Left,Breastfeeding,,,,,,,
,5/26/2023 12:23,5/26/2023 12:30,7,Right,Breastfeeding,,,,,,,
Tylenol ,5/26/2023 13:35,5/26/2023 13:49,14,Left,Breastfeeding,1,,,,,,
,5/26/2023 13:55,5/26/2023 14:10,15,Right,Breastfeeding,,,,,,,
,5/26/2023 16:28,5/26/2023 17:04,36,Left,Breastfeeding,,,,,,,
,5/26/2023 17:08,5/26/2023 17:15,7,Right,Breastfeeding,,,,,,,
,5/26/2023 19:11,5/26/2023 19:37,26,Right,Breastfeeding,,,,,,,
,5/26/2023 19:45,5/26/2023 19:58,13,Left,Breastfeeding,,,,,,,
Motrin,5/26/2023 21:57,5/26/2023 22:17,20,Left,Breastfeeding,1,,,,,,
,5/26/2023 22:28,5/26/2023 22:35,7,Right,Breastfeeding,,,,,,,
,5/26/2023 23:14,5/26/2023 23:29,15,Right,Breastfeeding,,,,,,,
,5/27/2023 1:18,5/27/2023 1:38,20,Left,Breastfeeding,,,,,,,
,5/27/2023 1:48,5/27/2023 2:07,19,Right,Breastfeeding,,,,,,,
,5/27/2023 4:22,5/27/2023 4:35,13,Left,Breastfeeding,,,,,,,
,5/27/2023 4:37,5/27/2023 4:55,18,Right,Breastfeeding,,,,,,,
,5/27/2023 5:00,5/27/2023 5:07,7,Right,Breastfeeding,,,,,,,
,5/27/2023 6:17,5/27/2023 6:29,12,Left,Breastfeeding,,,,,,,
Tylenol ,5/27/2023 10:15,5/27/2023 10:39,24,Right,Breastfeeding,1,,,,,,
,5/27/2023 11:00,5/27/2023 11:15,15,Left,Breastfeeding,,,,,,,
,5/27/2023 14:02,5/27/2023 14:25,23,Left,Breastfeeding,,,,,,,
Motrin,5/27/2023 15:02,5/27/2023 15:21,19, Right,Breastfeeding,1,,,,,,
,5/27/2023 16:41,5/27/2023 17:09,28, Left,Breastfeeding,,,,,,,
,5/27/2023 18:35,5/27/2023 18:54,19, Right ,Breastfeeding,,,,,,,
,5/27/2023 18:55,5/27/2023 19:14,19, Left,Breastfeeding,,,,,,,
,5/27/2023 19:50,5/27/2023 20:00,10,,Bath,,,,,,,
,5/27/2023 22:45,5/27/2023 23:10,25, Right ,Breastfeeding,,,,,,,
,5/27/2023 23:26,5/27/2023 23:40,14, Left,Breastfeeding,,,,,,,
,5/28/2023 2:41,5/28/2023 2:51,10, Left ,Breastfeeding,,,,,,,
Tylenol ,5/28/2023 2:56,5/28/2023 3:11,15, Right,Breastfeeding,1,,,,,,
,5/28/2023 5:52,5/28/2023 6:09,17, Right,Breastfeeding,,,,,,,
,5/28/2023 6:18,5/28/2023 6:32,14, Left,Breastfeeding,,,,,,,
,5/28/2023 6:50,5/28/2023 7:03,13, Right,Breastfeeding,,,,,,,
,5/28/2023 9:50,5/28/2023 10:06,16, Left ,Breastfeeding,,,,,,,
Tylenol ,5/28/2023 10:16,5/28/2023 10:27,11, Right,Breastfeeding,1,,,,,,
,5/28/2023 14:44,5/28/2023 15:07,23, Right,Breastfeeding,,,,,,,
,5/28/2023 15:10,5/28/2023 15:29,19, Left ,Breastfeeding,,,,,,,
,5/28/2023 19:07,5/28/2023 19:34,27, Left,Breastfeeding,,,,,,,
,5/28/2023 19:40,5/28/2023 20:00,20, Right ,Breastfeeding,,,,,,,
,5/28/2023 21:43,5/28/2023 22:07,24, Right,Breastfeeding,,,,,,,
,5/28/2023 22:43,5/28/2023 23:06,23, Left,Breastfeeding,,,,,,,
,5/28/2023 23:47,5/29/2023 0:03,16, Right,Breastfeeding,,,,,,,
Tylenol ,5/29/2023 0:29,5/29/2023 0:51,22, Left ,Breastfeeding,1,,,,,,
,5/29/2023 4:39,5/29/2023 5:01,22, Right,Breastfeeding,,,,,,,
,5/29/2023 5:06,5/29/2023 5:23,17,Left,Breastfeeding,,,,,,,
Tylenol ,5/29/2023 10:38,5/29/2023 11:05,27, Left,Breastfeeding,2,,,,,,
,5/29/2023 11:19,5/29/2023 11:34,15, Right ,Breastfeeding,,,,,,,
,5/29/2023 14:47,5/29/2023 14:57,10, Right,Breastfeeding,,,,,,,
Tylenol ,5/29/2023 15:01,5/29/2023 15:18,17, Left ,Breastfeeding,2,,,,,,
,5/29/2023 17:40,5/29/2023 18:01,21, Right ,Breastfeeding,,,,,,,
,5/29/2023 18:06,5/29/2023 18:14,8,Left,Breastfeeding,,,,,,,
Tylenol ,5/29/2023 21:48,5/29/2023 22:00,12, Right ,Breastfeeding,2,,,,,,
,5/29/2023 22:03,5/29/2023 22:12,9,Left,Breastfeeding,,,,,,,
,5/29/2023 22:23,5/29/2023 22:28,5,Left,Breastfeeding,,,,,,,
,5/29/2023 22:30,5/29/2023 22:35,5, Left ,Breastfeeding,,,,,,,
,5/29/2023 23:10,5/29/2023 23:26,16, Left,Breastfeeding,,,,,,,
,5/29/2023 23:53,5/30/2023 0:03,10, Right ,Breastfeeding,,,,,,,
,5/30/2023 0:30,5/30/2023 0:37,7, Left,Breastfeeding,,,,,,,
,5/30/2023 1:40,5/30/2023 1:50,10, Right ,Breastfeeding,,,,,,,
,5/30/2023 1:52,5/30/2023 2:02,10, Left ,Breastfeeding,,,,,,,
,5/30/2023 3:35,5/30/2023 3:50,15, Right,Breastfeeding,,,,,,,
,5/30/2023 3:53,5/30/2023 4:11,18,Left,Breastfeeding,,,,,,,
,5/30/2023 10:04,5/30/2023 10:23,19, Left,Breastfeeding,,,,,,,
,5/30/2023 10:53,5/30/2023 11:07,14,Right ,Breastfeeding,,,,,,,
Motrin,5/30/2023 14:37,5/30/2023 14:47,10,Right ,Breastfeeding,1,,,,,,
,5/30/2023 14:53,5/30/2023 15:03,10,Left,Breastfeeding,,,,,,,
,5/30/2023 17:40,5/30/2023 17:57,17,Left,Breastfeeding,,,,,,,
,5/30/2023 20:00,5/30/2023 20:15,15,Right,Breastfeeding,,,,,,,
,5/30/2023 23:35,5/31/2023 0:06,31,Left ,Breastfeeding,,,,,,,
,5/31/2023 0:14,5/31/2023 0:26,12,Right,Breastfeeding,,,,,,,
,5/31/2023 1:39,5/31/2023 1:45,6,Right,Breastfeeding,,,,,,,
,5/31/2023 3:00,5/31/2023 3:11,11,Left,Breastfeeding,,,,,,,
,5/31/2023 8:01,5/31/2023 8:16,15,Right ,Breastfeeding,,,,,,,
,5/31/2023 8:20,5/31/2023 8:31,11,Left,Breastfeeding,,,,,,,
,5/31/2023 9:00,5/31/2023 9:05,5,Left,Breastfeeding,,,,,,,
,5/31/2023 12:21,5/31/2023 12:36,15,Left,Breastfeeding,,,,,,,
,5/31/2023 13:00,5/31/2023 13:10,10,,Bath,,,,,,,
,5/31/2023 14:22,5/31/2023 14:28,6,Right,Breastfeeding,,,,,,,
,5/31/2023 14:37,5/31/2023 14:39,2,Right ,Breastfeeding,,,,,,,
,5/31/2023 18:00,5/31/2023 18:31,31,Left,Breastfeeding,,,,,,,
,5/31/2023 18:51,5/31/2023 18:59,8,Right ,Breastfeeding,,,,,,,
,5/31/2023 20:36,5/31/2023 20:57,21,Right ,Breastfeeding,,,,,,,
,5/31/2023 22:17,5/31/2023 22:32,15,Right,Breastfeeding,,,,,,,
,5/31/2023 22:57,5/31/2023 23:07,10,Left ,Breastfeeding,,,,,,,
,6/1/2023 1:59,6/1/2023 2:29,30,Left,Breastfeeding,,,,,,,
,6/1/2023 2:28,6/1/2023 2:36,8, Right,Breastfeeding,,,,,,,
,6/1/2023 3:03,6/1/2023 3:18,15, Right,Breastfeeding,,,,,,,
,6/1/2023 4:00,6/1/2023 4:15,15, Left ,Breastfeeding,,,,,,,
,6/1/2023 10:19,6/1/2023 10:36,17, Left ,Breastfeeding,,,,,,,
,6/1/2023 10:38,6/1/2023 10:58,20, Right,Breastfeeding,,,,,,,
,6/1/2023 11:50,6/1/2023 11:56,6, Right,Breastfeeding,,,,,,,
,6/1/2023 12:56,6/1/2023 13:01,5,Left,Breastfeeding,,,,,,,
,6/1/2023 13:12,6/1/2023 13:17,5, Left ,Breastfeeding,,,,,,,
,6/1/2023 15:58,6/1/2023 16:18,20, Left,Breastfeeding,,,,,,,
,6/1/2023 16:50,6/1/2023 16:55,5, Left,Breastfeeding,,,,,,,
,6/1/2023 17:18,6/1/2023 17:30,12, Right ,Breastfeeding,,,,,,,
,6/1/2023 19:58,6/1/2023 20:19,21,Left,Breastfeeding,,,,,,,
,6/1/2023 20:28,6/1/2023 20:42,14, Right,Breastfeeding,,,,,,,
,6/1/2023 21:25,6/1/2023 21:46,21, Left,Breastfeeding,,,,,,,
Tylenol ,6/2/2023 12:43,6/2/2023 13:12,29, Left ,Breastfeeding,2,,,,,,
,6/2/2023 4:47,6/2/2023 5:01,14, Right ,Breastfeeding,,,,,,,
,6/2/2023 5:08,6/2/2023 5:23,15,Left,Breastfeeding,,,,,,,
,6/2/2023 5:58,6/2/2023 6:08,10,Left,Breastfeeding,,,,,,,
,6/2/2023 7:23,6/2/2023 7:33,10,Right,Breastfeeding,,,,,,,
,6/2/2023 8:19,6/2/2023 8:29,10,Left,Breastfeeding,,,,,,,
,6/2/2023 11:49,6/2/2023 11:59,10,Left,Breastfeeding,,,,,,,
,6/2/2023 12:08,6/2/2023 12:24,16,Right,Breastfeeding,,,,,,,
Motrin,6/2/2023 14:26,6/2/2023 14:36,10,Left,Breastfeeding,1,,,,,,
,6/2/2023 14:38,6/2/2023 14:50,12,Right,Breastfeeding,,,,,,,
,6/2/2023 17:38,6/2/2023 17:48,10,Left,Breastfeeding,,,,,,,
,6/2/2023 17:53,6/2/2023 18:03,10,Right,Breastfeeding,,,,,,,
,6/2/2023 19:25,6/2/2023 19:35,10,Left,Breastfeeding,,,,,,,
,6/2/2023 19:41,6/2/2023 19:46,5,Right,Breastfeeding,,,,,,,
,6/2/2023 20:25,6/2/2023 20:35,10,Left,Breastfeeding,,,,,,,
,6/3/2023 0:31,6/3/2023 0:52,21,Left,Breastfeeding,,,,,,,
,6/3/2023 0:56,6/3/2023 1:13,17,Right,Breastfeeding,,,,,,,
,6/3/2023 3:04,6/3/2023 3:14,10,Left,Breastfeeding,,,,,,,
,6/3/2023 3:21,6/3/2023 3:28,7,Right,Breastfeeding,,,,,,,
,6/3/2023 7:40,6/3/2023 7:54,14,Left,Breastfeeding,,,,,,,
,6/3/2023 7:57,6/3/2023 8:17,20,Right,Breastfeeding,,,,,,,
,6/3/2023 11:20,6/3/2023 11:30,10,Left,Breastfeeding,,,,,,,
,6/3/2023 11:52,6/3/2023 11:58,6,Right,Breastfeeding,,,,,,,
,6/3/2023 13:26,6/3/2023 13:45,19,Right,Breastfeeding,,,,,,,
,6/3/2023 15:35,6/3/2023 15:42,7,Left,Breastfeeding,,,,,,,
,6/3/2023 15:52,6/3/2023 15:59,7,Right,Breastfeeding,,,,,,,
,6/3/2023 16:40,6/3/2023 16:48,8,Right,Breastfeeding,,,,,,,
,6/3/2023 16:54,6/3/2023 17:01,7,Right,Breastfeeding,,,,,,,
,6/3/2023 17:21,6/3/2023 17:27,6,Left,Breastfeeding,,,,,,,
,6/3/2023 18:05,6/3/2023 18:31,26,Right,Breastfeeding,,,,,,,
,6/3/2023 18:36,6/3/2023 18:56,20,Left,Breastfeeding,,,,,,,
,6/3/2023 19:45,6/3/2023 19:55,10,Right,Breastfeeding,,,,,,,
,6/3/2023 20:00,6/3/2023 20:05,5,Right,Breastfeeding,,,,,,,
,6/3/2023 20:15,6/3/2023 20:25,10,Left,Breastfeeding,,,,,,,
,6/3/2023 22:39,6/3/2023 23:08,29,Right,Breastfeeding,,,,,,,
,6/3/2023 23:16,6/3/2023 23:35,19,Left,Breastfeeding,,,,,,,
,6/4/2023 1:42,6/4/2023 1:54,12,Right,Breastfeeding,,,,,,,
,6/4/2023 2:00,6/4/2023 2:22,22,Left,Breastfeeding,,,,,,,
,6/4/2023 2:47,6/4/2023 2:52,5,Right,Breastfeeding,,,,,,,
,6/4/2023 3:38,6/4/2023 3:43,5,,Formula Fed,,60,,,,,
,6/4/2023 4:35,6/4/2023 4:40,5,Right,Breastfeeding,,,,,,,
,6/4/2023 6:35,6/4/2023 6:45,10,Left,Breastfeeding,,,,,,,
,6/4/2023 7:05,6/4/2023 7:10,5,Right,Breastfeeding,,,,,,,
,6/4/2023 10:26,6/4/2023 10:44,18,Right,Breastfeeding,,,,,,,
,6/4/2023 10:54,6/4/2023 11:04,10,Left,Breastfeeding,,,,,,,
,6/4/2023 12:24,6/4/2023 12:33,9,Left,Breastfeeding,,,,,,,
,6/4/2023 15:50,6/4/2023 16:05,15,Left,Milk Extraction,,60,,,,,
,6/4/2023 16:14,6/4/2023 16:23,9,Right,Breastfeeding,,,,,,,
,6/4/2023 18:10,6/4/2023 18:20,10,,Pumped Milk Fed,,60,,,,,
,6/4/2023 18:35,6/4/2023 18:45,10,Right,Breastfeeding,,,,,,,
,6/4/2023 21:34,6/4/2023 21:43,9,Right,Breastfeeding,,,,,,,
,6/4/2023 21:46,6/4/2023 22:01,15,Left,Milk Extraction,,50,,,,,
,6/4/2023 22:09,6/4/2023 22:16,7,Right,Milk Extraction,,5,,,,,
,6/4/2023 23:53,6/5/2023 0:08,15,Right,Breastfeeding,,,,,,,
,6/5/2023 0:15,6/5/2023 0:30,15,Left,Milk Extraction,,30,,,,,
,6/5/2023 0:40,6/5/2023 0:50,10,Right,Milk Extraction,,5,,,,,
,6/5/2023 0:15,6/5/2023 0:30,15,,Pumped Milk Fed,,55,,,,,
Tylenol ,6/5/2023 1:30,6/5/2023 1:40,10,,Pumped Milk Fed,2,35,,,,,
,6/5/2023 2:23,6/5/2023 2:40,17,Right,Breastfeeding,,,,,,,
,6/5/2023 2:53,6/5/2023 3:08,15,Left,Milk Extraction,,20,,,,,
,6/5/2023 3:08,6/5/2023 3:13,5,Right,Milk Extraction,,20,,,,,
,6/5/2023 2:53,6/5/2023 3:13,20,,Pumped Milk Fed,,40,,,,,
,6/5/2023 6:57,6/5/2023 7:10,13,Right,Breastfeeding,,,,,,,
,6/5/2023 7:15,6/5/2023 7:30,15,Left,Milk Extraction,,40,,,,,
,6/5/2023 19:35,6/5/2023 20:00,25,Right,Milk Extraction,,20,,,,,
,6/5/2023 7:39,6/5/2023 7:50,11,,Pumped Milk Fed,,60,,,,,
,6/5/2023 11:30,6/5/2023 11:45,15,Left,Milk Extraction,,30,,,,,
,6/5/2023 11:45,6/5/2023 11:50,5,Right,Milk Extraction,,10,,,,,
,6/5/2023 11:58,6/5/2023 12:14,16,Right,Breastfeeding,,,,,,,
,6/5/2023 14:04,6/5/2023 14:17,13,Right,Breastfeeding,,,,,,,
,6/5/2023 15:00,6/5/2023 15:15,15,Left,Milk Extraction,,50,,,,,
,6/5/2023 15:15,6/5/2023 15:20,5,Right,Milk Extraction,,10,,,,,
,6/5/2023 16:53,6/5/2023 17:18,25,Left,Breastfeeding,,,,,,,
,6/5/2023 17:34,6/5/2023 17:41,7,Right,Breastfeeding,,,,,,,
,6/5/2023 17:45,6/5/2023 17:55,10,,Bath,,,,,,,
,6/5/2023 18:05,6/5/2023 18:15,10,Right,Breastfeeding,,,,,,,
,6/5/2023 21:37,6/5/2023 21:52,15,Left,Breastfeeding,,,,,,,
,6/5/2023 21:55,6/5/2023 22:14,19,Right,Breastfeeding,,,,,,,
,6/5/2023 22:40,6/5/2023 22:45,5,Right,Breastfeeding,,,,,,,
,6/5/2023 22:49,6/5/2023 22:54,5,Left,Breastfeeding,,,,,,,
,6/6/2023 0:20,6/6/2023 0:30,10,Right,Breastfeeding,,,,,,,
,6/6/2023 0:32,6/6/2023 0:42,10,,Pumped Milk Fed,,55,,,,,
,6/6/2023 2:53,6/6/2023 3:07,14,Left,Breastfeeding,,,,,,,
,6/6/2023 3:12,6/6/2023 3:17,5,Right,Breastfeeding,,,,,,,
,6/6/2023 3:36,6/6/2023 3:51,15,Right,Breastfeeding,,,,,,,
,6/6/2023 4:20,6/6/2023 4:30,10,,Formula Fed, ,50,,,,,
,6/6/2023 7:41,6/6/2023 8:03,22,Left,Breastfeeding,,,,,,,
,6/6/2023 8:18,6/6/2023 8:30,12,Right,Breastfeeding,,,,,,,
,6/6/2023 10:00,6/6/2023 10:11,11,Right,Breastfeeding,,,,,,,
Motrin,6/6/2023 12:55,6/6/2023 13:10,15,Left,Breastfeeding,1,,,,,,
,6/6/2023 13:35,6/6/2023 13:50,15,Right,Milk Extraction,,60,,,,,
,6/6/2023 13:50,6/6/2023 14:00,10,Left,Milk Extraction,,30,,,,,
,6/6/2023 15:53,6/6/2023 16:12,19,Right,Breastfeeding,,,,,,,
,6/6/2023 18:05,6/6/2023 18:15,10,Left,Breastfeeding,,,,,,,
,6/6/2023 18:25,6/6/2023 18:36,11,Right,Breastfeeding,,,,,,,
,6/6/2023 18:52,6/6/2023 19:18,26,Left,Breastfeeding,,,,,,,
,6/6/2023 19:25,6/6/2023 19:35,10,Right,Breastfeeding,,,,,,,
,6/6/2023 22:02,6/6/2023 22:18,16,Left,Breastfeeding,,,,,,,
,6/6/2023 22:26,6/6/2023 22:31,5,Left,Milk Extraction,,10,,,,,
,6/6/2023 22:31,6/6/2023 22:36,5,Right,Milk Extraction,,10,,,,,
,6/6/2023 22:42,6/6/2023 22:50,8,Left,Breastfeeding,,,,,,,
,6/6/2023 23:20,6/6/2023 23:30,10,,Pumped Milk Fed,,60,,,,,
Tylenol ,6/7/2023 3:30,6/7/2023 3:45,15,Right,Breastfeeding,2,,,,,,
,6/7/2023 3:50,6/7/2023 4:00,10,Left,Breastfeeding,,,,,,,
,6/7/2023 4:10,6/7/2023 4:25,15,Left,Breastfeeding,,,,,,,
,6/7/2023 4:43,6/7/2023 4:53,10,,Pumped Milk Fed,,15,,,,,
,6/7/2023 6:45,6/7/2023 7:00,15,Right,Breastfeeding,,,,,,,
,6/7/2023 7:15,6/7/2023 7:25,10,Left,Breastfeeding,,,,,,,
,6/7/2023 8:36,6/7/2023 8:46,10,Left,Breastfeeding,,,,,,,
Motrin,6/7/2023 10:48,6/7/2023 10:56,8,Right,Milk Extraction,1,40,,,,,
,6/7/2023 10:59,6/7/2023 11:09,10,Left,Milk Extraction,,37,,,,,
,6/7/2023 11:28,6/7/2023 11:38,10,,Pumped Milk Fed,,77,,,,,
,6/7/2023 12:03,6/7/2023 12:13,10,Right,Breastfeeding,,,,,,,
,6/7/2023 12:43,6/7/2023 13:03,20,Left,Breastfeeding,,,,,,,
,6/7/2023 13:31,6/7/2023 13:36,5,Left,Breastfeeding,,,,,,,
,6/7/2023 14:34,6/7/2023 14:44,10,Right,Breastfeeding,,,,,,,
,6/7/2023 14:56,6/7/2023 15:06,10,Left,Milk Extraction,,15,,,,,
,6/7/2023 15:07,6/7/2023 15:12,5,Right,Milk Extraction,,15,,,,,
Anti-Biotic,6/7/2023 17:14,6/7/2023 17:23,9,Right,Breastfeeding,1,,,,,,
,6/7/2023 18:35,6/7/2023 18:40,5,Left,Breastfeeding,,,,,,,
,6/7/2023 19:01,6/7/2023 19:11,10,Left,Breastfeeding,,,,,,,
,6/7/2023 19:35,6/7/2023 19:45,10,Right,Breastfeeding,,,,,,,
Motrin,6/7/2023 20:50,6/7/2023 20:53,3,Left,Breastfeeding,1,,,,,,
,6/7/2023 21:04,6/7/2023 21:09,5,Right,Breastfeeding,,,,,,,
,6/7/2023 21:30,6/7/2023 21:50,20,,Formula Fed,,60,,,,,
,6/7/2023 22:59,6/7/2023 23:04,5,Right,Breastfeeding,,,,,,,
,6/8/2023 3:20,6/8/2023 3:34,14,Right,Breastfeeding,,,,,,,
,6/8/2023 3:47,6/8/2023 3:51,4,,Pumped Milk Fed,,30,,,,,
,6/8/2023 3:45,6/8/2023 4:00,15,Left,Milk Extraction,,45,,,,,
,6/8/2023 4:00,6/8/2023 4:05,5,Right,Milk Extraction,,35,,,,,
Anti-Biotic,6/8/2023 4:10,6/8/2023 4:13,3,,Pumped Milk Fed,1,30,,,,,
,6/8/2023 4:41,6/8/2023 4:43,2,,Pumped Milk Fed,,30,,,,,
,6/8/2023 8:34,6/8/2023 8:53,19,Right,Breastfeeding,,,,,,,
,6/8/2023 9:04,6/8/2023 9:16,12,Left,Milk Extraction,,40,,,,,
,6/8/2023 9:16,6/8/2023 9:21,5,Right,Milk Extraction,,10,,,,,
Anti-Biotic,6/8/2023 10:34,6/8/2023 10:40,6,Right,Breastfeeding,1,,,,,,
,6/8/2023 11:37,6/8/2023 11:47,10,Left,Breastfeeding,,,,,,,
,6/8/2023 11:52,6/8/2023 12:12,20,Right,Breastfeeding,,,,,,,
,6/8/2023 12:40,6/8/2023 12:42,2,Left,Breastfeeding,,,,,,,
Vitamin D3,6/8/2023 13:00,6/8/2023 13:08,8,,Pumped Milk Fed,1,30,,,,,
,6/8/2023 13:00,6/8/2023 13:12,12,Left,Milk Extraction,,20,,,,,
,6/8/2023 13:12,6/8/2023 13:17,5,Right,Milk Extraction,,10,,,,,
,6/8/2023 13:29,6/8/2023 13:32,3,,Pumped Milk Fed,,10,,,,,
,6/8/2023 13:51,6/8/2023 13:53,2,,Pumped Milk Fed,,10,,,,,
,6/8/2023 14:28,6/8/2023 14:40,12,Right,Breastfeeding,,,,,,,
,6/8/2023 15:45,6/8/2023 15:55,10,Left,Milk Extraction,,20,,,,,
,6/8/2023 16:00,6/8/2023 16:05,5,Right,Milk Extraction,,10,,,,,
,6/8/2023 16:30,6/8/2023 16:33,3,Left,Breastfeeding,,,,,,,
Anti-Biotic,6/8/2023 16:35,6/8/2023 16:55,20,Right,Breastfeeding,,,,,,,
Tylenol ,6/8/2023 17:15,6/8/2023 17:30,15,Left,Breastfeeding,2,,,,,,
,6/8/2023 18:55,6/8/2023 19:14,19,Right,Breastfeeding,,,,,,,
,6/8/2023 19:26,6/8/2023 19:34,8,Left,Breastfeeding,,,,,,,
,6/8/2023 20:28,6/8/2023 20:38,10,Right,Breastfeeding,,,,,,,
,6/8/2023 21:26,6/8/2023 21:53,27,Right,Breastfeeding,,,,,,,
,6/8/2023 22:31,6/8/2023 22:36,5,Right,Breastfeeding,,,,,,,
,6/8/2023 22:00,6/8/2023 22:10,10,,Bath,,,,,,,
,6/8/2023 23:02,6/8/2023 23:09,7,Left,Milk Extraction,,30,,,,,
Anti-Biotic,6/8/2023 23:11,6/8/2023 23:14,3,Right,Milk Extraction,1,15,,,,,
,6/9/2023 1:02,6/9/2023 1:12,10,Right,Breastfeeding,,,,,,,
,6/9/2023 1:18,6/9/2023 1:23,5,Left,Breastfeeding,,,,,,,
,6/9/2023 1:26,6/9/2023 1:46,20,Right,Breastfeeding,,,,,,,
,6/9/2023 2:08,6/9/2023 2:20,12,,Pumped Milk Fed,,55,,,,,
"Anti-Biotic, Motrin",6/9/2023 8:00,6/9/2023 8:09,9,Right,Breastfeeding,1,,,,,,
,6/9/2023 9:30,6/9/2023 9:38,8,Left,Milk Extraction,,50,,,,,
,6/9/2023 9:40,6/9/2023 9:48,8,Right,Milk Extraction,,50,,,,,
,6/9/2023 11:16,6/9/2023 11:28,12,Right,Breastfeeding,,,,,,,
,6/9/2023 11:55,6/9/2023 12:28,33,,Pumped Milk Fed,,60,,,,,
Anti-Biotic,6/9/2023 12:36,6/9/2023 12:46,10,Right,Breastfeeding,1,,,,,,
,6/9/2023 13:22,6/9/2023 13:30,8,Right,Breastfeeding,,,,,,,
,6/9/2023 13:13,6/9/2023 13:21,8,Left,Milk Extraction,,30,,,,,
,6/9/2023 13:52,6/9/2023 14:02,10,Right,Breastfeeding,,,,,,,
Vitamin D3,6/9/2023 17:38,6/9/2023 17:49,11,Right,Breastfeeding,1,,,,,,
,6/9/2023 17:54,6/9/2023 18:02,8,Right,Breastfeeding,,,,,,,
Anti-Biotic,6/9/2023 18:11,6/9/2023 18:22,11,Left,Milk Extraction,1,30,,,,,
,6/9/2023 18:24,6/9/2023 18:34,10,Right,Breastfeeding,,,,,,,
,6/9/2023 19:09,6/9/2023 19:13,4,,Pumped Milk Fed,,30,,,,,
,6/9/2023 19:39,6/9/2023 19:52,13,Right,Breastfeeding,,,,,,,
,6/9/2023 21:55,6/9/2023 22:08,13,Right,Breastfeeding,,,,,,,
,6/9/2023 22:11,6/9/2023 22:20,9,Right,Breastfeeding,,,,,,,
,6/9/2023 22:44,6/9/2023 22:56,12,Right,Breastfeeding,,,,,,,
,6/9/2023 23:00,6/9/2023 23:19,19,Right,Breastfeeding,,,,,,,
,6/9/2023 23:23,6/9/2023 23:33,10,Left,Milk Extraction,,40,,,,,
,6/9/2023 23:45,6/9/2023 23:48,3,,Pumped Milk Fed,,30,,,,,
,6/9/2023 23:51,6/9/2023 23:54,3,,Pumped Milk Fed,,30,,,,,
Anti-Biotic,6/10/2023 0:05,6/10/2023 0:10,5,,Formula Fed,1,60,,,,,
,6/10/2023 0:30,6/10/2023 0:35,5,,Formula Fed,,20,,,,,
,6/10/2023 4:00,6/10/2023 4:10,10,Right,Breastfeeding,,,,,,,
Motrin,6/10/2023 4:15,6/10/2023 4:25,10,Right,Breastfeeding,1,,,,,,
,6/10/2023 4:30,6/10/2023 4:41,11,,Pumped Milk Fed,,30,,,,,
,6/10/2023 4:30,6/10/2023 4:45,15,Left,Milk Extraction,,45,,,,,
,6/10/2023 4:45,6/10/2023 4:49,4,Right,Milk Extraction,,15,,,,,
,6/10/2023 5:10,6/10/2023 5:20,10,,Pumped Milk Fed,,55,,,,,
Anti-Biotic,6/10/2023 7:44,6/10/2023 8:00,16,Right,Breastfeeding,1,,,,,,
,6/10/2023 9:36,6/10/2023 9:45,9,Right,Breastfeeding,,,,,,,
,6/10/2023 9:47,6/10/2023 10:02,15,Right,Breastfeeding,,,,,,,
,6/10/2023 11:22,6/10/2023 11:25,3,Left,Breastfeeding,,,,,,,
Anti-Biotic,6/10/2023 11:25,6/10/2023 11:36,11,Right,Breastfeeding,1,,,,,,
,6/10/2023 12:53,6/10/2023 12:56,3,Left,Breastfeeding,,,,,,,
,6/10/2023 12:59,6/10/2023 13:09,10,Right,Breastfeeding,,,,,,,
,6/10/2023 13:45,6/10/2023 14:00,15,Left,Milk Extraction,,40,,,,,
Vitamin D3,6/10/2023 14:15,6/10/2023 14:23,8,,Pumped Milk Fed,1,65,,,,,
,6/10/2023 14:40,6/10/2023 14:55,15,,Formula Fed,,30,,,,,
,6/10/2023 16:00,6/10/2023 16:07,7,,Formula Fed,,30,,,,,
,6/10/2023 16:38,6/10/2023 16:43,5,Right,Breastfeeding,,,,,,,
,6/10/2023 16:52,6/10/2023 16:57,5,Right,Breastfeeding,,,,,,,
Anti-Biotic,6/10/2023 19:18,6/10/2023 19:28,10,Right,Breastfeeding,1,,,,,,
,6/10/2023 19:43,6/10/2023 19:54,11,Left,Breastfeeding,,,,,,,
,6/10/2023 21:42,6/10/2023 21:58,16,Right,Breastfeeding,,,,,,,
,6/10/2023 22:30,6/10/2023 22:45,15,Left,Breastfeeding,,,,,,,
,6/10/2023 22:57,6/10/2023 23:14,17,Right,Breastfeeding,,,,,,,
,6/10/2023 23:15,6/10/2023 23:34,19,Left,Milk Extraction,,40,,,,,
,6/10/2023 23:30,6/10/2023 23:47,17,,Formula Fed,,60,,,,,
,6/10/2023 23:37,6/10/2023 23:42,5,Right,Milk Extraction,,10,,,,,
Anti-Biotic,6/11/2023 0:07,6/11/2023 0:12,5,,Formula Fed,1,5,,,,,
Motrin,6/11/2023 4:07,6/11/2023 4:17,10,Right,Breastfeeding,1,,,,,,
,6/11/2023 4:29,6/11/2023 4:39,10,Right,Breastfeeding,,,,,,,
,6/11/2023 4:45,6/11/2023 5:00,15,,Formula Fed,,30,,,,,
,6/11/2023 4:45,6/11/2023 5:00,15,Right,Milk Extraction,,20,,,,,
,6/11/2023 6:47,6/11/2023 6:50,3,,Pumped Milk Fed,,30,,,,,
Anti-Biotic,6/11/2023 9:29,6/11/2023 9:47,18,Right,Breastfeeding,1,,,,,,
,6/11/2023 9:57,6/11/2023 10:05,8,Left,Breastfeeding,,,,,,,
,6/11/2023 10:12,6/11/2023 10:19,7,Left,Breastfeeding,,,,,,,
,6/11/2023 12:25,6/11/2023 12:39,14,Right,Breastfeeding,,,,,,,
,6/11/2023 13:49,6/11/2023 13:57,8,Left,Breastfeeding,,,,,,,
"Vitamin D3, Anti-Biotic",6/11/2023 14:00,6/11/2023 14:13,13,Right,Breastfeeding,1,,,,,,
,6/11/2023 14:29,6/11/2023 14:40,11,,Formula Fed,,30,,,,,
,6/11/2023 14:15,6/11/2023 14:32,17,Left,Milk Extraction,,20,,,,,
,6/11/2023 14:30,6/11/2023 14:35,5,Right,Milk Extraction,,10,,,,,
,6/11/2023 14:40,6/11/2023 14:50,10,,Pumped Milk Fed,,30,,,,,
,6/11/2023 15:19,6/11/2023 15:33,14,,Formula Fed,,15,,,,,
,6/11/2023 16:59,6/11/2023 17:09,10,Right,Breastfeeding,,,,,,,
,6/11/2023 18:34,6/11/2023 19:03,29,Left,Breastfeeding,,,,,,,
,6/11/2023 19:10,6/11/2023 19:17,7,Right,Breastfeeding,,,,,,,
,6/11/2023 20:31,6/11/2023 20:41,10,Right,Breastfeeding,,,,,,,
Anti-Biotic,6/11/2023 23:05,6/11/2023 23:31,26,Right,Breastfeeding,1,,,,,,
,6/11/2023 23:39,6/11/2023 23:50,11,,Formula Fed,,60,,,,,
,6/12/2023 0:55,6/12/2023 1:05,10,,Formula Fed,,30,,,,,
,6/12/2023 1:10,6/12/2023 1:20,10,,Pumped Milk Fed,,30,,,,,
,6/12/2023 5:25,6/12/2023 5:41,16,Right,Breastfeeding,,,,,,,
Anti-Biotic,6/12/2023 5:58,6/12/2023 6:08,10,Right,Breastfeeding,1,,,,,,
Motrin,6/12/2023 10:20,6/12/2023 10:31,11,Right,Breastfeeding,1,,,,,,
,6/12/2023 12:00,6/12/2023 12:17,17,Left,Breastfeeding,,,,,,,
,6/12/2023 12:28,6/12/2023 12:43,15,Right,Breastfeeding,,,,,,,
,6/12/2023 13:00,6/12/2023 13:10,10,,Bath,,,,,,,
Anti-Biotic,6/12/2023 15:55,6/12/2023 16:05,10,Right,Breastfeeding,1,,,,,,
,6/12/2023 16:29,6/12/2023 16:55,26,Left,Breastfeeding,,,,,,,
,6/12/2023 17:44,6/12/2023 17:53,9,,Formula Fed,,60,,,,,
,6/12/2023 18:07,6/12/2023 18:17,10,Right,Breastfeeding,,,,,,,
,6/12/2023 20:29,6/12/2023 20:39,10,Right,Breastfeeding,,,,,,,
,6/12/2023 19:47,6/12/2023 19:55,8,,Formula Fed,,25,,,,,
,6/12/2023 21:54,6/12/2023 22:09,15,Right,Breastfeeding,,,,,,,
,6/12/2023 22:10,6/12/2023 22:23,13,Left,Breastfeeding,,,,,,,
Anti-Biotic,6/12/2023 23:37,6/12/2023 23:42,5,Left,Breastfeeding,1,,,,,,
,6/12/2023 23:43,6/12/2023 23:56,13,,Formula Fed,,90,,,,,
Anti-Biotic,6/13/2023 4:35,6/13/2023 4:45,10,Right,Breastfeeding,1,,,,,,
,6/13/2023 4:50,6/13/2023 4:55,5,Left,Breastfeeding,,,,,,,
,6/13/2023 5:05,6/13/2023 5:13,8,,Formula Fed,,40,,,,,
,6/13/2023 7:54,6/13/2023 8:07,13,Right,Breastfeeding,,,,,,,
Anti-Biotic,6/13/2023 10:58,6/13/2023 11:05,7,Left,Breastfeeding,1,,,,,,
,6/13/2023 11:06,6/13/2023 11:16,10,,Bath,,,,,,,
,6/13/2023 11:16,6/13/2023 11:54,38,Left,Breastfeeding,,,,,,,
,6/13/2023 12:43,6/13/2023 12:51,8,Right,Breastfeeding,,,,,,,
,6/13/2023 12:58,6/13/2023 13:08,10,Right,Milk Extraction,,40,,,,,
,6/13/2023 13:13,6/13/2023 13:23,10,Left,Milk Extraction,,30,,,,,
,6/13/2023 15:04,6/13/2023 15:32,28,Right,Breastfeeding,,,,,,,
,6/13/2023 15:37,6/13/2023 15:57,20,Left,Breastfeeding,,,,,,,
Anti-Biotic,6/13/2023 16:15,6/13/2023 16:30,15,,Formula Fed,1,30,,,,,
,6/13/2023 18:26,6/13/2023 18:54,28,Right,Breastfeeding,,,,,,,
,6/13/2023 19:01,6/13/2023 19:24,23,Left,Breastfeeding,,,,,,,
,6/13/2023 20:15,6/13/2023 20:25,10,,Formula Fed,,60,,,,,
,6/13/2023 21:50,6/13/2023 22:15,25,Right,Breastfeeding,,,,,,,
Anti-Biotic,6/13/2023 22:58,6/13/2023 23:36,38,Left,Breastfeeding,1,,,,,,
,6/14/2023 0:21,6/14/2023 0:31,10,,Formula Fed,,60,,,,,
Anti-Biotic,6/14/2023 6:54,6/14/2023 7:17,23,Right,Breastfeeding,1,,,,,,
,6/14/2023 8:39,6/14/2023 8:41,2,Left,Breastfeeding,,,,,,,
Motrin,6/14/2023 8:45,6/14/2023 8:56,11,Right,Breastfeeding,1,,,,,,
,6/14/2023 9:18,6/14/2023 9:26,8,Right,Breastfeeding,,,,,,,
,6/14/2023 11:05,6/14/2023 11:15,10,Left,Breastfeeding,,,,,,,
,6/14/2023 11:15,6/14/2023 11:25,10,Right,Breastfeeding,,,,,,,
,6/14/2023 11:14,6/14/2023 11:30,16,,Pumped Milk Fed,,60,,,,,
,6/14/2023 11:55,6/14/2023 12:05,10,,Pumped Milk Fed,,15,,,,,
Anti-Biotic,6/14/2023 14:26,6/14/2023 14:36,10,Right,Breastfeeding,1,,,,,,
,6/14/2023 14:58,6/14/2023 15:03,5,Left,Breastfeeding,,,,,,,
Tylenol ,6/14/2023 15:15,6/14/2023 15:25,10,Right,Breastfeeding,2,,,,,,
,6/14/2023 18:30,6/14/2023 18:38,8,Right,Breastfeeding,,,,,,,
,6/14/2023 19:21,6/14/2023 19:38,17,Right,Breastfeeding,,,,,,,
,6/14/2023 19:39,6/14/2023 19:45,6,Left,Breastfeeding,,,,,,,
Anti-Biotic,6/14/2023 20:03,6/14/2023 20:11,8,Left,Breastfeeding,1,,,,,,
Motrin,6/14/2023 22:12,6/14/2023 22:27,15,Right,Breastfeeding,1,,,,,,
,6/14/2023 23:27,6/14/2023 23:56,29,Left,Breastfeeding,,,,,,,
,6/15/2023 0:26,6/15/2023 0:34,8,,Formula Fed,,60,,,,,
Anti-Biotic,6/15/2023 3:15,6/15/2023 3:24,9,Right,Breastfeeding,1,,,,,,
,6/15/2023 3:27,6/15/2023 3:36,9,Left,Breastfeeding,,,,,,,
,6/15/2023 3:38,6/15/2023 3:43,5,Right,Breastfeeding,,,,,,,
,6/15/2023 6:40,6/15/2023 6:52,12,Right,Breastfeeding,,,,,,,
,6/15/2023 6:58,6/15/2023 7:14,16,Right,Breastfeeding,,,,,,,
,6/15/2023 7:24,6/15/2023 7:34,10,Left,Breastfeeding,,,,,,,
,6/15/2023 7:46,6/15/2023 7:50,4,,Pumped Milk Fed,,40,,,,,
Anti-Biotic,6/15/2023 9:45,6/15/2023 9:55,10,Right,Breastfeeding,1,,,,,,
,6/15/2023 11:17,6/15/2023 11:29,12,Right,Breastfeeding,,,,,,,
,6/15/2023 11:38,6/15/2023 11:51,13,Right,Breastfeeding,,,,,,,
,6/15/2023 14:01,6/15/2023 14:12,11,Right,Breastfeeding,,,,,,,
,6/15/2023 14:52,6/15/2023 14:57,5,Left,Breastfeeding,,,,,,,
Anti-Biotic,6/15/2023 15:03,6/15/2023 15:10,7,Left,Breastfeeding,1,,,,,,
,6/15/2023 15:26,6/15/2023 15:30,4,,Formula Fed,,30,,,,,
Vitamin D3,6/15/2023 15:33,6/15/2023 15:36,3,,Formula Fed,1,30,,,,,
,6/15/2023 15:39,6/15/2023 15:56,17,Right,Breastfeeding,,,,,,,
,6/15/2023 18:33,6/15/2023 19:08,35,Right,Breastfeeding,,,,,,,
,6/15/2023 19:22,6/15/2023 19:27,5,Left,Breastfeeding,,,,,,,
,6/15/2023 19:37,6/15/2023 19:50,13,Left,Breastfeeding,,,,,,,
,6/15/2023 21:58,6/15/2023 22:30,32,Right,Breastfeeding,,,,,,,
,6/15/2023 22:36,6/15/2023 22:52,16,Left,Breastfeeding,,,,,,,
Anti-Biotic,6/16/2023 0:13,6/16/2023 0:33,20,Right,Breastfeeding,1,,,,,,
,6/16/2023 0:55,6/16/2023 1:03,8,Right,Breastfeeding,,,,,,,
,6/16/2023 4:30,6/16/2023 4:43,13,Right,Breastfeeding,,,,,,,
Anti-Biotic,6/16/2023 4:49,6/16/2023 4:59,10,Right,Breastfeeding,1,,,,,,
,6/16/2023 7:50,6/16/2023 8:13,23,Right,Breastfeeding,,,,,,,
,6/16/2023 8:35,6/16/2023 8:50,15,Right,Breastfeeding,,,,,,,
,6/16/2023 8:15,6/16/2023 8:27,12,Left,Milk Extraction,,50,,,,,
Anti-Biotic,6/16/2023 12:30,6/16/2023 12:38,8,Left,Milk Extraction,1,30,,,,,
,6/16/2023 13:00,6/16/2023 13:10,10,Right,Breastfeeding,,,,,,,
,6/16/2023 13:33,6/16/2023 13:53,20,Right,Breastfeeding,,,,,,,
,6/16/2023 14:19,6/16/2023 14:35,16,Right,Breastfeeding,,,,,,,
,6/16/2023 15:20,6/16/2023 15:56,36,,Pumped Milk Fed,,60,,,,,
,6/16/2023 17:08,6/16/2023 17:18,10,Left,Milk Extraction,,20,,,,,
,6/16/2023 18:08,6/16/2023 18:20,12,Right,Breastfeeding,,,,,,,
,6/16/2023 18:33,6/16/2023 18:53,20,Right,Breastfeeding,,,,,,,
,6/16/2023 20:00,6/16/2023 20:15,15,,Formula Fed,,90,,,,,
,6/16/2023 21:33,6/16/2023 21:48,15,Right,Breastfeeding,,,,,,,
Anti-Biotic,6/16/2023 22:50,6/16/2023 23:00,10,Left,Milk Extraction,1,30,,,,,
,6/16/2023 23:00,6/16/2023 23:10,10,Right,Milk Extraction,,30,,,,,
,6/16/2023 23:23,6/16/2023 23:40,17,,Formula Fed,,60,,,,,
,6/16/2023 23:43,6/16/2023 23:53,10,,Pumped Milk Fed,,30,,,,,
Anti-Biotic,6/17/2023 4:45,6/17/2023 5:00,15,Right,Breastfeeding,1,,,,,,
,6/17/2023 5:11,6/17/2023 5:21,10,Right,Breastfeeding,,,,,,,
,6/17/2023 8:36,6/17/2023 9:00,24,Right,Breastfeeding,,,,,,,
,6/17/2023 9:10,6/17/2023 9:15,5,Left,Milk Extraction,,40,,,,,
,6/17/2023 9:15,6/17/2023 9:25,10,Right,Milk Extraction,,20,,,,,
,6/17/2023 11:24,6/17/2023 11:34,10,,Pumped Milk Fed,,60,,,,,
,6/17/2023 11:56,6/17/2023 11:58,2,,Formula Fed,,30,,,,,
,6/17/2023 12:16,6/17/2023 12:29,13,Right,Breastfeeding,,,,,,,
,6/17/2023 12:54,6/17/2023 13:02,8,Left,Milk Extraction,,25,,,,,
,6/17/2023 13:03,6/17/2023 13:10,7,Right,Milk Extraction,,25,,,,,
,6/17/2023 14:37,6/17/2023 14:40,3,,Pumped Milk Fed,,30,,,,,
Anti-Biotic,6/17/2023 17:35,6/17/2023 17:50,15,Right,Breastfeeding,1,,,,,,
,6/17/2023 18:15,6/17/2023 18:45,30,Right,Breastfeeding,,,,,,,
,6/17/2023 18:54,6/17/2023 19:02,8,Left,Milk Extraction,,35,,,,,
,6/17/2023 19:03,6/17/2023 19:07,4,Right,Milk Extraction,,45,,,,,
,6/17/2023 20:43,6/17/2023 21:30,47,Right,Breastfeeding,,,,,,,
,6/17/2023 22:23,6/17/2023 22:30,7,,Formula Fed,,60,,,,,
,6/17/2023 22:35,6/17/2023 22:42,7,Right,Breastfeeding,,,,,,,
,6/17/2023 22:23,6/17/2023 22:30,7,Left,Milk Extraction,,30,,,,,
,6/17/2023 22:43,6/17/2023 22:47,4,,Pumped Milk Fed,,30,,,,,
,6/17/2023 22:43,6/17/2023 22:48,5,Right,Milk Extraction,,10,,,,,
Anti-Biotic,6/17/2023 22:49,6/17/2023 22:58,9,Right,Breastfeeding,1,,,,,,
,6/17/2023 22:59,6/17/2023 23:15,16,,Formula Fed,,30,,,,,
,6/17/2023 23:26,6/17/2023 23:31,5,Right,Breastfeeding,,,,,,,
,6/18/2023 1:49,6/18/2023 1:53,4,,Pumped Milk Fed,,30,,,,,
Anti-Biotic,6/18/2023 4:34,6/18/2023 5:14,40,Right,Breastfeeding,1,,,,,,
,6/18/2023 5:53,6/18/2023 6:03,10,Left,Milk Extraction,,45,,,,,
,6/18/2023 5:53,6/18/2023 6:03,10,,Formula Fed,,60,,,,,
,6/18/2023 6:05,6/18/2023 6:12,7,Right,Milk Extraction,,30,,,,,
,6/18/2023 10:02,6/18/2023 10:16,14,Right,Breastfeeding,,,,,,,
,6/18/2023 10:55,6/18/2023 11:00,5,Right,Breastfeeding,,,,,,,
Anti-Biotic,6/18/2023 11:08,6/18/2023 11:12,4,Right,Breastfeeding,1,,,,,,
,6/18/2023 13:20,6/18/2023 13:30,10,Right,Breastfeeding,,,,,,,
,6/18/2023 13:48,6/18/2023 13:58,10,,Milk Extraction,,50,,,,,
,6/18/2023 14:05,6/18/2023 14:23,18,Right,Breastfeeding,,,,,,,
,6/18/2023 16:27,6/18/2023 16:45,18,Right,Breastfeeding,,,,,,,
,6/18/2023 16:53,6/18/2023 17:10,17,,Pumped Milk Fed,,60,,,,,
Anti-Biotic,6/18/2023 20:08,6/18/2023 20:18,10,Right,Breastfeeding,1,,,,,,
,6/18/2023 17:15,6/18/2023 17:25,10,,Pumped Milk Fed,,30,,,,,
,6/18/2023 22:29,6/18/2023 22:40,11,Right,Breastfeeding,,,,,,,
,6/18/2023 22:48,6/18/2023 22:58,10,Left,Milk Extraction,,60,,,,,
,6/18/2023 22:59,6/18/2023 23:04,5,Right,Milk Extraction,,15,,,,,
,6/18/2023 23:38,6/18/2023 23:42,4,,Pumped Milk Fed,,60,,,,,
,6/18/2023 23:48,6/18/2023 23:52,4,,Formula Fed,,50,,,,,
Anti-Biotic,6/19/2023 3:37,6/19/2023 3:53,16,Right,Breastfeeding,1,,,,,,
,6/19/2023 3:56,6/19/2023 4:15,19,Right,Breastfeeding,,,,,,,
,6/19/2023 4:38,6/19/2023 4:42,4,,Pumped Milk Fed,,15,,,,,
,6/19/2023 4:38,6/19/2023 4:45,7,Left,Milk Extraction,,40,,,,,
,6/19/2023 4:45,6/19/2023 4:52,7,Right,Milk Extraction,,20,,,,,
,6/19/2023 6:30,6/19/2023 6:43,13,Right,Breastfeeding,,,,,,,
,6/19/2023 10:37,6/19/2023 10:52,15,Right,Breastfeeding,,,,,,,
,6/19/2023 7:30,6/19/2023 7:45,15,,Pumped Milk Fed,,30,,,,,
,6/19/2023 12:00,6/19/2023 12:10,10,Right,Breastfeeding,,,,,,,
,6/19/2023 12:19,6/19/2023 12:28,9,Left,Milk Extraction,,50,,,,,
,6/19/2023 12:28,6/19/2023 12:35,7,Left,Milk Extraction,,30,,,,,
,6/19/2023 13:07,6/19/2023 13:21,14,,Pumped Milk Fed,,60,,,,,
,6/19/2023 13:37,6/19/2023 13:53,16,,Pumped Milk Fed,,40,,,,,
,6/19/2023 14:17,6/19/2023 14:23,6,Right,Breastfeeding,,,,,,,
,6/19/2023 15:52,6/19/2023 16:00,8,Right,Breastfeeding,,,,,,,
,6/19/2023 16:03,6/19/2023 16:15,12,Left,Breastfeeding,,,,,,,
,6/19/2023 16:45,6/19/2023 16:50,5,,Formula Fed,,30,,,,,
,6/19/2023 17:05,6/19/2023 17:10,5,,Formula Fed,,30,,,,,
,6/19/2023 18:04,6/19/2023 18:11,7,Left,Milk Extraction,,30,,,,,
,6/19/2023 18:12,6/19/2023 18:20,8,Right,Milk Extraction,,60,,,,,
,6/19/2023 19:06,6/19/2023 19:21,15,Right,Breastfeeding,,,,,,,
,6/19/2023 21:44,6/19/2023 21:54,10,,Bath,,,,,,,
Vitamin D3,6/19/2023 21:56,6/19/2023 22:23,27,Right,Breastfeeding,1,,,,,,
,6/19/2023 22:56,6/19/2023 23:32,36,,Pumped Milk Fed,,90,,,,,
,6/19/2023 23:41,6/19/2023 23:48,7,Left,Milk Extraction,,40,,,,,
,6/19/2023 23:48,6/19/2023 23:55,7,Right,Milk Extraction,,30,,,,,
,6/20/2023 0:05,6/20/2023 0:15,10,,Formula Fed,,15,,,,,
,6/20/2023 0:46,6/20/2023 1:01,15,Right,Breastfeeding,,,,,,,
,6/20/2023 1:56,6/20/2023 2:10,14,,Formula Fed,,60,,,,,
,6/20/2023 5:54,6/20/2023 6:09,15,Right,Breastfeeding,,,,,,,
,6/20/2023 6:24,6/20/2023 6:40,16,Right,Breastfeeding,,,,,,,
,6/20/2023 7:06,6/20/2023 7:16,10,Right,Breastfeeding,,,,,,,
,6/20/2023 8:30,6/20/2023 8:37,7,Left,Milk Extraction,,65,,,,,
,6/20/2023 8:56,6/20/2023 9:14,18,,Pumped Milk Fed,,30,,,,,
,6/20/2023 8:37,6/20/2023 8:44,7,Right,Milk Extraction,,20,,,,,
,6/20/2023 9:24,6/20/2023 9:42,18,Right,Breastfeeding,,,,,,,
,6/20/2023 10:57,6/20/2023 11:06,9,Right,Breastfeeding,,,,,,,
,6/20/2023 12:07,6/20/2023 12:18,11,Left,Breastfeeding,,,,,,,
,6/20/2023 12:30,6/20/2023 12:38,8,Right,Milk Extraction,,30,,,,,
,6/20/2023 12:40,6/20/2023 12:47,7,Left,Milk Extraction,,30,,,,,
,6/20/2023 13:00,6/20/2023 13:20,20,Right,Breastfeeding,,,,,,,
,6/20/2023 15:37,6/20/2023 16:00,23,Right,Breastfeeding,,,,,,,
,6/20/2023 16:27,6/20/2023 16:32,5,,Pumped Milk Fed,,30,,,,,
Vitamin D3,6/20/2023 16:45,6/20/2023 17:05,20,,Pumped Milk Fed,1,30,,,,,
,6/20/2023 16:50,6/20/2023 16:57,7,Left,Milk Extraction,,30,,,,,
,6/20/2023 16:59,6/20/2023 17:06,7,Right,Milk Extraction,,30,,,,,
,6/20/2023 19:18,6/20/2023 19:36,18,Right,Breastfeeding,,,,,,,
,6/20/2023 21:47,6/20/2023 22:07,20,Right,Breastfeeding,,,,,,,
,6/20/2023 22:10,6/20/2023 22:25,15,Left,Breastfeeding,,,,,,,
,6/20/2023 23:43,6/21/2023 0:15,32,Left,Breastfeeding,,,,,,,
,6/21/2023 0:25,6/21/2023 0:45,20,Right,Breastfeeding,,,,,,,
,6/21/2023 3:23,6/21/2023 3:53,30,Right,Breastfeeding,,,,,,,
,6/21/2023 4:35,6/21/2023 4:50,15,Left,Breastfeeding,,,,,,,
,6/21/2023 5:05,6/21/2023 5:30,25,,Pumped Milk Fed,,60,,,,,
,6/21/2023 8:05,6/21/2023 8:17,12,Right,Breastfeeding,,,,,,,
,6/21/2023 8:33,6/21/2023 8:42,9,Right,Breastfeeding,,,,,,,
,6/21/2023 9:10,6/21/2023 9:20,10,Left,Breastfeeding,,,,,,,
,6/21/2023 10:21,6/21/2023 10:46,25,Right,Breastfeeding,,,,,,,
,6/21/2023 12:18,6/21/2023 12:48,30,Right,Breastfeeding,,,,,,,
,6/21/2023 13:23,6/21/2023 13:38,15,Left,Breastfeeding,,,,,,,
Vitamin D3,6/21/2023 15:06,6/21/2023 15:34,28,,Pumped Milk Fed,1,90,,,,,
,6/21/2023 15:44,6/21/2023 15:54,10,Right,Milk Extraction,,70,,,,,
,6/21/2023 15:57,6/21/2023 16:04,7,Left,Milk Extraction,,20,,,,,
,6/21/2023 16:48,6/21/2023 17:08,20,Right,Breastfeeding,,,,,,,
,6/21/2023 17:21,6/21/2023 17:30,9,Left,Breastfeeding,,,,,,,
,6/21/2023 17:52,6/21/2023 17:58,6,,Pumped Milk Fed,,30,,,,,
,6/21/2023 19:02,6/21/2023 19:18,16,Right,Breastfeeding,,,,,,,
,6/21/2023 19:21,6/21/2023 19:37,16,Left,Breastfeeding,,,,,,,
,6/21/2023 21:09,6/21/2023 21:24,15,Left,Breastfeeding,,,,,,,
,6/21/2023 21:25,6/21/2023 21:45,20,Right,Breastfeeding,,,,,,,
,6/21/2023 21:52,6/21/2023 22:08,16,Right,Breastfeeding,,,,,,,
,6/21/2023 22:28,6/21/2023 22:48,20,,Pumped Milk Fed,,30,,,,,
,6/21/2023 23:00,6/21/2023 23:22,22,Right,Breastfeeding,,,,,,,
,6/22/2023 3:16,6/22/2023 3:28,12,Right,Breastfeeding,,,,,,,
,6/22/2023 3:33,6/22/2023 3:42,9,Left,Breastfeeding,,,,,,,
,6/22/2023 3:50,6/22/2023 4:05,15,Right,Breastfeeding,,,,,,,
,6/22/2023 8:57,6/22/2023 9:07,10,Left,Breastfeeding,,,,,,,
,6/22/2023 7:21,6/22/2023 7:36,15,Right,Breastfeeding,,,,,,,
,6/22/2023 8:44,6/22/2023 8:55,11,Right,Breastfeeding,,,,,,,
,6/22/2023 11:21,6/22/2023 11:28,7,Left,Breastfeeding,,,,,,,
,6/22/2023 11:37,6/22/2023 11:42,5,Left,Milk Extraction,,20,,,,,
,6/22/2023 12:00,6/22/2023 12:25,25,Right,Breastfeeding,,,,,,,
,6/22/2023 14:45,6/22/2023 14:54,9,Right,Breastfeeding,,,,,,,
,6/22/2023 14:59,6/22/2023 15:09,10,Left,Breastfeeding,,,,,,,
,6/22/2023 15:20,6/22/2023 15:27,7,Left,Milk Extraction,,10,,,,,
,6/22/2023 15:27,6/22/2023 15:33,6,Right,Milk Extraction,,10,,,,,
,6/22/2023 15:47,6/22/2023 15:59,12,,Pumped Milk Fed,,60,,,,,
,6/22/2023 5:27,6/22/2023 17:48,741,Right,Breastfeeding,,,,,,,
,6/22/2023 20:57,6/22/2023 21:21,24,Right,Breastfeeding,,,,,,,
,6/22/2023 21:23,6/22/2023 21:57,34,Left,Breastfeeding,,,,,,,
,6/23/2023 0:30,6/23/2023 1:00,30,Right,Breastfeeding,,,,,,,
,6/23/2023 1:07,6/23/2023 1:17,10,Left,Breastfeeding,,,,,,,
,6/23/2023 1:50,6/23/2023 2:20,30,,Formula Fed,,80,,,,,
,6/23/2023 5:11,6/23/2023 5:26,15,Right,Breastfeeding,,,,,,,
,6/23/2023 5:34,6/23/2023 5:41,7,Left,Breastfeeding,,,,,,,
,6/23/2023 5:59,6/23/2023 6:09,10,Right,Breastfeeding,,,,,,,
,6/23/2023 8:21,6/23/2023 8:34,13,Right,Breastfeeding,,,,,,,
,6/23/2023 10:19,6/23/2023 10:53,34,Left,Breastfeeding,,,,,,,
,6/23/2023 10:57,6/23/2023 11:09,12,Right,Milk Extraction,,60,,,,,
,6/23/2023 11:09,6/23/2023 11:14,5,Left,Milk Extraction,,20,,,,,
,6/23/2023 11:47,6/23/2023 12:20,33,Right,Breastfeeding,,,,,,,
,6/23/2023 12:37,6/23/2023 12:58,21,Left,Breastfeeding,,,,,,,
Vitamin D3,6/23/2023 13:27,6/23/2023 13:35,8,,Pumped Milk Fed,1,30,,,,,
,6/23/2023 13:46,6/23/2023 13:59,13,Right,Breastfeeding,,,,,,,
,6/23/2023 16:31,6/23/2023 16:42,11,Right,Breastfeeding,,,,,,,
,6/23/2023 17:47,6/23/2023 18:12,25,Left,Breastfeeding,,,,,,,
,6/23/2023 19:18,6/23/2023 19:32,14,Right,Breastfeeding,,,,,,,
,6/23/2023 19:45,6/23/2023 19:53,8,Right,Breastfeeding,,,,,,,
,6/23/2023 21:27,6/23/2023 22:00,33,Left,Breastfeeding,,,,,,,
,6/23/2023 22:40,6/23/2023 23:06,26,Right,Breastfeeding,,,,,,,
,6/23/2023 23:25,6/23/2023 23:32,7,,Pumped Milk Fed,,30,,,,,
,6/23/2023 23:50,6/23/2023 23:58,8,,Pumped Milk Fed,,20,,,,,
,6/24/2023 2:18,6/24/2023 2:32,14,Right,Breastfeeding,,,,,,,
,6/24/2023 3:15,6/24/2023 3:22,7,Left,Breastfeeding,,,,,,,
,6/24/2023 3:25,6/24/2023 3:35,10,Right,Breastfeeding,,,,,,,
,6/24/2023 4:10,6/24/2023 4:15,5,,Milk Extraction,,15,,,,,
,6/24/2023 4:15,6/24/2023 4:20,5,,Milk Extraction,,20,,,,,
,6/24/2023 4:31,6/24/2023 4:38,7,,Pumped Milk Fed,,30,,,,,
,6/24/2023 8:07,6/24/2023 8:22,15,Right,Breastfeeding,,,,,,,
,6/24/2023 10:09,6/24/2023 10:29,20,Left,Breastfeeding,,,,,,,
,6/24/2023 11:23,6/24/2023 11:33,10,Right,Milk Extraction,,80,,,,,
,6/24/2023 11:38,6/24/2023 11:48,10,Left,Breastfeeding,,,,,,,
,6/24/2023 12:17,6/24/2023 12:23,6,,Pumped Milk Fed,,40,,,,,
,6/24/2023 12:32,6/24/2023 12:45,13,Right,Breastfeeding,,,,,,,
Vitamin D3,6/24/2023 13:14,6/24/2023 13:19,5,,Pumped Milk Fed,1,30,,,,,
,6/24/2023 13:37,6/24/2023 13:42,5,,Formula Fed,,30,,,,,
,6/24/2023 13:57,6/24/2023 14:04,7,,Formula Fed,,40,,,,,
,6/24/2023 17:41,6/24/2023 17:51,10,Right,Breastfeeding,,,,,,,
,6/24/2023 18:15,6/24/2023 18:20,5,Left,Breastfeeding,,,,,,,
,6/24/2023 18:32,6/24/2023 18:39,7,Left,Milk Extraction,,30,,,,,
,6/24/2023 18:45,6/24/2023 18:50,5,Right,Breastfeeding,,,,,,,
,6/24/2023 19:05,6/24/2023 19:12,7,Right,Milk Extraction,,60,,,,,
,6/24/2023 19:18,6/24/2023 19:28,10,Right,Breastfeeding,,,,,,,
,6/24/2023 20:49,6/24/2023 21:02,13,Right,Breastfeeding,,,,,,,
,6/24/2023 21:04,6/24/2023 21:14,10,Left,Breastfeeding,,,,,,,
,6/24/2023 21:47,6/24/2023 22:04,17,,Pumped Milk Fed,,55,,,,,
,6/24/2023 22:08,6/24/2023 22:16,8,,Bath,,,,,,,
,6/24/2023 22:20,6/24/2023 22:25,5,Right,Breastfeeding,,,,,,,
,6/25/2023 0:00,6/25/2023 0:08,8,Right,Breastfeeding,,,,,,,
,6/25/2023 12:27,6/25/2023 12:50,23,,Formula Fed,,90,,,,,
,6/25/2023 4:01,6/25/2023 4:11,10,Right,Breastfeeding,,,,,,,
,6/25/2023 4:21,6/25/2023 4:26,5,Left,Breastfeeding,,,,,,,
,6/25/2023 6:00,6/25/2023 6:05,5,Right,Breastfeeding,,,,,,,
,6/25/2023 7:06,6/25/2023 7:26,20,Left,Breastfeeding,,,,,,,
,6/25/2023 7:28,6/25/2023 7:33,5,Right,Breastfeeding,,,,,,,
,6/25/2023 9:51,6/25/2023 10:00,9,Right,Breastfeeding,,,,,,,
,6/25/2023 12:18,6/25/2023 12:30,12,Right,Breastfeeding,,,,,,,
Vitamin D3,6/25/2023 13:15,6/25/2023 13:25,10,,Pumped Milk Fed,1,30,,,,,
Motrin,6/25/2023 13:36,6/25/2023 13:50,14,Left,Breastfeeding,1,,,,,,
,6/25/2023 14:06,6/25/2023 14:16,10,Right,Milk Extraction,,90,,,,,
,6/25/2023 14:19,6/25/2023 14:25,6,Left,Milk Extraction,,30,,,,,
,6/25/2023 15:11,6/25/2023 15:20,9,,Pumped Milk Fed,,30,,,,,
,6/25/2023 17:42,6/25/2023 17:50,8,Right,Breastfeeding,,,,,,,
,6/25/2023 18:05,6/25/2023 18:20,15,Left,Breastfeeding,,,,,,,
,6/25/2023 18:55,6/25/2023 19:07,12,Right,Breastfeeding,,,,,,,
,6/25/2023 19:15,6/25/2023 19:40,25,Left,Breastfeeding,,,,,,,
,6/25/2023 21:45,6/25/2023 22:07,22,Right,Breastfeeding,,,,,,,
,6/25/2023 22:46,6/25/2023 22:56,10,Left,Breastfeeding,,,,,,,
,6/25/2023 22:57,6/25/2023 23:17,20,Right,Breastfeeding,,,,,,,
,6/25/2023 23:30,6/25/2023 23:44,14,,Pumped Milk Fed,,60,,,,,
,6/26/2023 3:39,6/26/2023 3:59,20,Right,Breastfeeding,,,,,,,
,6/26/2023 4:20,6/26/2023 4:30,10,Left,Breastfeeding,,,,,,,
,6/26/2023 6:16,6/26/2023 6:23,7,Right,Breastfeeding,,,,,,,
,6/26/2023 6:46,6/26/2023 6:54,8,,Pumped Milk Fed,,10,,,,,
,6/26/2023 7:11,6/26/2023 7:20,9,,Pumped Milk Fed,,30,,,,,
,6/26/2023 9:40,6/26/2023 9:50,10,Right,Milk Extraction,,90,,,,,
,6/26/2023 9:56,6/26/2023 10:17,21,Left,Breastfeeding,,,,,,,
,6/26/2023 11:08,6/26/2023 11:29,21,Right,Breastfeeding,,,,,,,
,6/26/2023 12:52,6/26/2023 13:02,10,Left,Breastfeeding,,,,,,,
,6/26/2023 13:03,6/26/2023 13:12,9,Right,Breastfeeding,,,,,,,
,6/26/2023 15:04,6/26/2023 15:23,19,Right,Breastfeeding,,,,,,,
Vitamin D3,6/26/2023 15:40,6/26/2023 15:45,5,,Pumped Milk Fed,1,30,,,,,
,6/26/2023 16:04,6/26/2023 16:20,16,,Pumped Milk Fed,,30,,,,,
Tylenol,6/26/2023 16:54,6/26/2023 17:09,15,,Pumped Milk Fed,1,30,,,,,
,6/26/2023 18:49,6/26/2023 19:02,13,Left,Breastfeeding,,,,,,,
,6/26/2023 19:03,6/26/2023 19:18,15,Right,Breastfeeding,,,,,,,
,6/26/2023 21:28,6/26/2023 21:58,30,Right,Breastfeeding,,,,,,,
,6/26/2023 22:08,6/26/2023 22:18,10,Left,Breastfeeding,,,,,,,
,6/26/2023 22:55,6/26/2023 23:04,9,,Formula Fed,,80,,,,,
,6/27/2023 0:03,6/27/2023 0:13,10,Right,Breastfeeding,,,,,,,
,6/27/2023 3:51,6/27/2023 4:01,10,Left,Breastfeeding,,,,,,,
,6/27/2023 4:07,6/27/2023 4:22,15,Right,Breastfeeding,,,,,,,
,6/27/2023 6:23,6/27/2023 6:34,11,Right,Breastfeeding,,,,,,,
,6/27/2023 8:21,6/27/2023 8:28,7,Right,Breastfeeding,,,,,,,
,6/27/2023 8:41,6/27/2023 8:46,5,Right,Breastfeeding,,,,,,,
,6/27/2023 10:14,6/27/2023 10:21,7,Left,Breastfeeding,,,,,,,
,6/27/2023 10:47,6/27/2023 10:54,7,Right,Breastfeeding,,,,,,,
,6/27/2023 11:08,6/27/2023 11:15,7,Left,Milk Extraction,,30,,,,,
,6/27/2023 11:15,6/27/2023 11:25,10,Right,Milk Extraction,,10,,,,,
Vitamin D3,6/27/2023 11:55,6/27/2023 12:10,15,,Pumped Milk Fed,1,30,,,,,
,6/27/2023 13:44,6/27/2023 13:53,9,,Formula Fed,,30,,,,,
,6/27/2023 13:58,6/27/2023 14:09,11,Right,Breastfeeding,,,,,,,
,6/27/2023 14:26,6/27/2023 14:35,9,Left,Breastfeeding,,,,,,,
,6/27/2023 16:28,6/27/2023 16:38,10,Right,Breastfeeding,,,,,,,
,6/27/2023 17:14,6/27/2023 17:29,15,Right,Breastfeeding,,,,,,,
,6/27/2023 17:55,6/27/2023 18:20,25,Left,Breastfeeding,,,,,,,
,6/27/2023 20:42,6/27/2023 20:56,14,Right,Breastfeeding,,,,,,,
,6/27/2023 21:37,6/27/2023 22:04,27,Left,Breastfeeding,,,,,,,
,6/27/2023 22:16,6/27/2023 22:46,30,Right,Breastfeeding,,,,,,,
,6/28/2023 0:43,6/28/2023 1:08,25,Right,Breastfeeding,,,,,,,
,6/28/2023 1:20,6/28/2023 1:30,10,Left,Breastfeeding,,,,,,,
,6/28/2023 2:06,6/28/2023 2:10,4,Right,Breastfeeding,,,,,,,
,6/28/2023 5:37,6/28/2023 5:52,15,Right,Breastfeeding,,,,,,,
,6/28/2023 6:11,6/28/2023 6:21,10,Left,Breastfeeding,,,,,,,
,6/28/2023 9:35,6/28/2023 9:52,17,Right,Breastfeeding,,,,,,,
,6/28/2023 10:00,6/28/2023 10:05,5,Right,Milk Extraction,,20,,,,,
,6/28/2023 10:08,6/28/2023 10:26,18,Left,Breastfeeding,,,,,,,
,6/28/2023 10:30,6/28/2023 10:35,5,Left,Milk Extraction,,20,,,,,
,6/28/2023 13:22,6/28/2023 13:39,17,Left,Breastfeeding,,,,,,,
,6/28/2023 13:42,6/28/2023 13:56,14,Right,Breastfeeding,,,,,,,
,6/28/2023 14:02,6/28/2023 14:17,15,,Formula Fed,,30,,,,,
,6/28/2023 15:25,6/28/2023 15:32,7,,Bath,,,,,,,
,6/28/2023 15:35,6/28/2023 15:45,10,Right,Breastfeeding,,,,,,,
,6/28/2023 15:51,6/28/2023 15:57,6,Left,Breastfeeding,,,,,,,
Vitamin D3,6/28/2023 17:05,6/28/2023 17:21,16,,Formula Fed,1,30,,,,,
,6/28/2023 17:51,6/28/2023 18:09,18,Right,Breastfeeding,,,,,,,
,6/28/2023 18:15,6/28/2023 18:29,14,Left,Breastfeeding,,,,,,,
,6/28/2023 18:33,6/28/2023 18:38,5,Left,Milk Extraction,,10,,,,,
,6/28/2023 18:39,6/28/2023 18:44,5,Right,Milk Extraction,,10,,,,,
,6/28/2023 19:47,6/28/2023 20:03,16,,Formula Fed,,60,,,,,
,6/28/2023 20:57,6/28/2023 21:13,16,Left,Breastfeeding,,,,,,,
,6/28/2023 21:13,6/28/2023 21:22,9,Right,Breastfeeding,,,,,,,
,6/28/2023 23:17,6/28/2023 23:26,9,Left,Breastfeeding,,,,,,,
,6/28/2023 23:30,6/28/2023 23:42,12,Right,Breastfeeding,,,,,,,
,6/29/2023 0:02,6/29/2023 0:06,4,,Pumped Milk Fed,,40,,,,,
,6/29/2023 0:28,6/29/2023 0:35,7,,Pumped Milk Fed,,30,,,,,
,6/29/2023 2:20,6/29/2023 2:26,6,Left,Breastfeeding,,,,,,,
,6/29/2023 2:30,6/29/2023 2:45,15,Right,Breastfeeding,,,,,,,
,6/29/2023 5:54,6/29/2023 6:04,10,Left,Breastfeeding,,,,,,,
,6/29/2023 6:04,6/29/2023 6:09,5,Right,Breastfeeding,,,,,,,
,6/29/2023 6:28,6/29/2023 6:46,18,Right,Breastfeeding,,,,,,,
,6/29/2023 9:55,6/29/2023 10:14,19,Left,Breastfeeding,,,,,,,
,6/29/2023 10:23,6/29/2023 10:38,15,Right,Breastfeeding,,,,,,,
,6/29/2023 11:09,6/29/2023 11:12,3,Left,Milk Extraction,,10,,,,,
,6/29/2023 11:12,6/29/2023 11:24,12,Right,Milk Extraction,,65,,,,,
,6/29/2023 13:16,6/29/2023 13:33,17,Left,Breastfeeding,,,,,,,
,6/29/2023 13:42,6/29/2023 13:59,17,Right,Breastfeeding,,,,,,,
,6/29/2023 16:15,6/29/2023 16:34,19,Right,Breastfeeding,,,,,,,
,6/29/2023 18:35,6/29/2023 18:50,15,Left,Breastfeeding,,,,,,,
,6/29/2023 18:56,6/29/2023 19:02,6,Right,Breastfeeding,,,,,,,
,6/29/2023 21:31,6/29/2023 21:41,10,Left,Breastfeeding,,,,,,,
,6/29/2023 21:51,6/29/2023 21:59,8,Right,Breastfeeding,,,,,,,
Vitamin D3,6/29/2023 23:37,6/30/2023 0:15,38,,Pumped Milk Fed,1,75,,,,,
,6/30/2023 0:24,6/30/2023 0:32,8,Right,Breastfeeding,,,,,,,
,6/30/2023 1:03,6/30/2023 1:13,10,Left,Breastfeeding,,,,,,,
,6/30/2023 4:14,6/30/2023 4:20,6,Left,Breastfeeding,,,,,,,
,6/30/2023 4:23,6/30/2023 4:28,5,Right,Breastfeeding,,,,,,,
,6/30/2023 1:13,6/30/2023 1:17,4,,Formula Fed,,10,,,,,
,6/30/2023 4:41,6/30/2023 4:43,2,Right,Breastfeeding,,,,,,,
,6/30/2023 8:28,6/30/2023 8:34,6,Left,Breastfeeding,,,,,,,
,6/30/2023 8:43,6/30/2023 8:58,15,Right,Breastfeeding,,,,,,,
,6/30/2023 9:00,6/30/2023 9:10,10,Right,Breastfeeding,,,,,,,
,6/30/2023 9:20,6/30/2023 9:25,5,Left,Milk Extraction,,10,,,,,
,6/30/2023 9:25,6/30/2023 9:30,5,Right,Milk Extraction,,30,,,,,
,6/30/2023 12:20,6/30/2023 12:29,9,Left,Breastfeeding,,,,,,,
,6/30/2023 12:31,6/30/2023 12:46,15,Right,Breastfeeding,,,,,,,
,6/30/2023 14:28,6/30/2023 14:38,10,Right,Breastfeeding,,,,,,,
,6/30/2023 14:59,6/30/2023 15:09,10,Right,Breastfeeding,,,,,,,
,6/30/2023 15:14,6/30/2023 15:20,6,Left,Breastfeeding,,,,,,,
,6/30/2023 15:49,6/30/2023 15:57,8,Right,Breastfeeding,,,,,,,
,6/30/2023 21:11,6/30/2023 21:25,14,Right,Breastfeeding,,,,,,,
,6/30/2023 21:33,6/30/2023 21:56,23,Left,Breastfeeding,,,,,,,
,7/1/2023 0:19,7/1/2023 0:33,14,Right,Breastfeeding,,,,,,,
,7/1/2023 2:03,7/1/2023 2:13,10,,Pumped Milk Fed,,40,,,,,
,7/1/2023 2:19,7/1/2023 2:26,7,Left,Breastfeeding,,,,,,,
,7/1/2023 5:41,7/1/2023 5:57,16,Right,Breastfeeding,,,,,,,
,7/1/2023 6:08,7/1/2023 6:13,5,Right,Breastfeeding,,,,,,,
,7/1/2023 6:15,7/1/2023 6:19,4,Right,Breastfeeding,,,,,,,
,7/1/2023 8:21,7/1/2023 8:30,9,Left,Breastfeeding,,,,,,,
,7/1/2023 8:41,7/1/2023 8:51,10,Left,Breastfeeding,,,,,,,
,7/1/2023 9:19,7/1/2023 9:26,7,Left,Milk Extraction,,35,,,,,
,7/1/2023 9:29,7/1/2023 9:39,10,Right,Milk Extraction,,75,,,,,
,7/1/2023 10:29,7/1/2023 10:46,17,,Pumped Milk Fed,,60,,,,,
,7/1/2023 11:30,7/1/2023 11:35,5,Right,Breastfeeding,,,,,,,
,7/1/2023 11:37,7/1/2023 11:47,10,Left,Breastfeeding,,,,,,,
Vitamin D3,7/1/2023 12:19,7/1/2023 12:26,7,,Pumped Milk Fed,1,30,,,,,
,7/1/2023 12:55,7/1/2023 13:07,12,,Pumped Milk Fed,,30,,,,,
,7/1/2023 14:24,7/1/2023 14:34,10,Right,Breastfeeding,,,,,,,
,7/1/2023 14:45,7/1/2023 14:57,12,,Bath,,,,,,,
,7/1/2023 15:35,7/1/2023 15:45,10,Right,Breastfeeding,,,,,,,
,7/1/2023 16:19,7/1/2023 16:24,5,Left,Breastfeeding,,,,,,,
,7/1/2023 16:07,7/1/2023 16:17,10,Left,Breastfeeding,,,,,,,
,7/1/2023 21:05,7/1/2023 21:25,20,,Formula Fed,,50,,,,,
,7/1/2023 20:03,7/1/2023 20:14,11,Right,Breastfeeding,,,,,,,
,7/1/2023 20:17,7/1/2023 20:22,5,Left,Breastfeeding,,,,,,,
,7/1/2023 22:22,7/1/2023 22:34,12,Right,Breastfeeding,,,,,,,
,7/2/2023 0:35,7/2/2023 0:45,10,Right,Milk Extraction,,70,,,,,
,7/2/2023 1:06,7/2/2023 1:13,7,Left,Breastfeeding,,,,,,,
,7/2/2023 1:16,7/2/2023 1:19,3,Left,Milk Extraction,,10,,,,,
,7/2/2023 3:57,7/2/2023 4:07,10,Right,Breastfeeding,,,,,,,
,7/2/2023 4:13,7/2/2023 4:22,9,Left,Breastfeeding,,,,,,,
,7/2/2023 6:34,7/2/2023 6:38,4,Right,Breastfeeding,,,,,,,
,7/2/2023 6:47,7/2/2023 6:52,5,Right,Breastfeeding,,,,,,,
,7/2/2023 8:44,7/2/2023 8:48,4,Right,Breastfeeding,,,,,,,
,7/2/2023 8:56,7/2/2023 9:01,5,Left,Breastfeeding,,,,,,,
,7/2/2023 11:15,7/2/2023 11:20,5,Right,Breastfeeding,,,,,,,
,7/2/2023 11:52,7/2/2023 11:58,6,Left,Breastfeeding,,,,,,,
,7/2/2023 12:13,7/2/2023 12:16,3,Right,Breastfeeding,,,,,,,
Vitamin D3,7/2/2023 14:07,7/2/2023 14:45,38,,Pumped Milk Fed,1,60,,,,,
,7/2/2023 14:13,7/2/2023 14:23,10,Right,Milk Extraction,,60,,,,,
,7/2/2023 14:23,7/2/2023 14:33,10,Left,Milk Extraction,,55,,,,,
,7/2/2023 15:30,7/2/2023 15:35,5,,Pumped Milk Fed,,30,,,,,
,7/2/2023 16:08,7/2/2023 16:20,12,Right,Breastfeeding,,,,,,,
,7/2/2023 16:21,7/2/2023 16:29,8,Left,Breastfeeding,,,,,,,
,7/2/2023 19:43,7/2/2023 19:50,7,Right,Breastfeeding,,,,,,,
,7/2/2023 19:55,7/2/2023 20:16,21,Left,Breastfeeding,,,,,,,
,7/2/2023 20:20,7/2/2023 20:24,4,Right,Breastfeeding,,,,,,,
,7/2/2023 21:07,7/2/2023 21:24,17,,Pumped Milk Fed,,30,,,,,
,7/2/2023 21:34,7/2/2023 21:47,13,,Pumped Milk Fed,,30,,,,,
,7/2/2023 23:08,7/2/2023 23:17,9,Right,Breastfeeding,,,,,,,
,7/2/2023 23:20,7/2/2023 23:34,14,Left,Breastfeeding,,,,,,,
,7/3/2023 0:30,7/3/2023 0:47,17,,Formula Fed,,30,,,,,
,7/3/2023 2:59,7/3/2023 3:07,8,Right,Breastfeeding,,,,,,,
,7/3/2023 3:17,7/3/2023 3:24,7,Left,Breastfeeding,,,,,,,
,7/3/2023 6:09,7/3/2023 6:15,6,Left,Breastfeeding,,,,,,,
,7/3/2023 7:45,7/3/2023 7:50,5,Right,Breastfeeding,,,,,,,
,7/3/2023 9:07,7/3/2023 9:14,7,Left,Breastfeeding,,,,,,,
,7/3/2023 11:13,7/3/2023 11:25,12,Right,Breastfeeding,,,,,,,
,7/3/2023 11:31,7/3/2023 11:52,21,Left,Breastfeeding,,,,,,,
,7/3/2023 14:55,7/3/2023 15:00,5,Right,Breastfeeding,,,,,,,
,7/3/2023 16:10,7/3/2023 16:13,3,Left,Breastfeeding,,,,,,,
,7/3/2023 18:41,7/3/2023 18:55,14,Right,Breastfeeding,,,,,,,
,7/3/2023 19:09,7/3/2023 19:19,10,Left,Breastfeeding,,,,,,,
,7/3/2023 19:54,7/3/2023 20:00,6,Left,Breastfeeding,,,,,,,
Vitamin D3,7/3/2023 21:30,7/3/2023 21:40,10,,Pumped Milk Fed,1,15,,,,,
,7/3/2023 22:40,7/3/2023 22:55,15,,Formula Fed,,15,,,,,
,7/3/2023 23:45,7/3/2023 23:55,10,,Formula Fed,,15,,,,,
,7/4/2023 3:18,7/4/2023 3:25,7,Right,Breastfeeding,,,,,,,
,7/4/2023 3:33,7/4/2023 3:44,11,Left,Breastfeeding,,,,,,,
,7/4/2023 6:17,7/4/2023 6:27,10,,Pumped Milk Fed,,30,,,,,
,7/4/2023 8:30,7/4/2023 8:38,8,Right,Breastfeeding,,,,,,,
,7/4/2023 8:46,7/4/2023 8:56,10,Left,Breastfeeding,,,,,,,
,7/4/2023 10:01,7/4/2023 10:16,15,Right,Milk Extraction,,90,,,,,
,7/4/2023 10:21,7/4/2023 10:31,10,Left,Milk Extraction,,40,,,,,
,7/4/2023 12:27,7/4/2023 12:42,15,Right,Breastfeeding,,,,,,,
,7/4/2023 12:46,7/4/2023 12:54,8,Left,Breastfeeding,,,,,,,
,7/4/2023 13:11,7/4/2023 13:20,9,,Pumped Milk Fed,,5,,,,,
Vitamin D3,7/4/2023 14:45,7/4/2023 15:00,15,,Pumped Milk Fed,1,30,,,,,
,7/4/2023 15:10,7/4/2023 15:15,5,,Pumped Milk Fed,,25,,,,,
,7/4/2023 15:33,7/4/2023 15:43,10,Right,Breastfeeding,,,,,,,
,7/4/2023 15:46,7/4/2023 15:54,8,Left,Breastfeeding,,,,,,,
,7/4/2023 17:49,7/4/2023 17:56,7,Right,Breastfeeding,,,,,,,
,7/4/2023 17:57,7/4/2023 18:05,8,Left,Breastfeeding,,,,,,,
,7/4/2023 20:05,7/4/2023 20:15,10,,Pumped Milk Fed,,20,,,,,
,7/4/2023 20:15,7/4/2023 20:30,15,Right,Breastfeeding,,,,,,,
,7/4/2023 20:32,7/4/2023 20:47,15,Left,Breastfeeding,,,,,,,
,7/4/2023 23:24,7/4/2023 23:43,19,Right,Breastfeeding,,,,,,,
,7/4/2023 23:46,7/4/2023 23:54,8,Left,Breastfeeding,,,,,,,
,7/5/2023 2:50,7/5/2023 3:02,12,Left,Breastfeeding,,,,,,,
,7/5/2023 3:05,7/5/2023 3:13,8,Right,Breastfeeding,,,,,,,
,7/5/2023 3:33,7/5/2023 3:35,2,Right,Breastfeeding,,,,,,,
,7/5/2023 5:24,7/5/2023 5:40,16,Right,Breastfeeding,,,,,,,
,7/5/2023 8:32,7/5/2023 8:44,12,Right,Breastfeeding,,,,,,,
,7/5/2023 9:42,7/5/2023 9:54,12,Left,Breastfeeding,,,,,,,
,7/5/2023 11:24,7/5/2023 11:38,14,Right,Breastfeeding,,,,,,,
,7/5/2023 11:49,7/5/2023 11:58,9,Left,Breastfeeding,,,,,,,
,7/5/2023 13:05,7/5/2023 13:14,9,Right,Breastfeeding,,,,,,,
,7/5/2023 15:36,7/5/2023 15:51,15,Left,Breastfeeding,,,,,,,
,7/5/2023 15:52,7/5/2023 16:03,11,Right,Breastfeeding,,,,,,,
Vitamin D3,7/5/2023 17:58,7/5/2023 18:05,7,,Pumped Milk Fed,1,10,,,,,
,7/5/2023 19:05,7/5/2023 19:10,5,,Pumped Milk Fed,,15,,,,,
,7/5/2023 20:20,7/5/2023 20:34,14,Right,Breastfeeding,,,,,,,
,7/5/2023 20:58,7/5/2023 21:18,20,Left,Breastfeeding,,,,,,,
,7/5/2023 23:10,7/5/2023 23:13,3,Right,Breastfeeding,,,,,,,
,7/5/2023 23:15,7/5/2023 23:30,15,,Pumped Milk Fed,,30,,,,,
,7/5/2023 23:32,7/5/2023 23:39,7,Right,Breastfeeding,,,,,,,
,7/6/2023 3:40,7/6/2023 3:54,14,Left,Breastfeeding,,,,,,,
,7/6/2023 4:13,7/6/2023 4:23,10,Right,Breastfeeding,,,,,,,
,7/6/2023 4:52,7/6/2023 4:58,6,Right,Breastfeeding,,,,,,,
,7/6/2023 8:14,7/6/2023 8:22,8,Right,Breastfeeding,,,,,,,
,7/6/2023 10:57,7/6/2023 11:08,11,Left,Breastfeeding,,,,,,,
,7/6/2023 12:06,7/6/2023 12:11,5,Right,Breastfeeding,,,,,,,
,7/6/2023 12:36,7/6/2023 12:44,8,Right,Breastfeeding,,,,,,,
,7/6/2023 13:02,7/6/2023 13:10,8,Left,Breastfeeding,,,,,,,
,7/6/2023 13:30,7/6/2023 13:40,10,,Milk Extraction,,65,,,,,
,7/6/2023 13:45,7/6/2023 13:55,10,,Milk Extraction,,45,,,,,
Vitamin D3,7/6/2023 15:12,7/6/2023 15:17,5,,Pumped Milk Fed,1,30,,,,,
,7/6/2023 17:10,7/6/2023 17:18,8,,Pumped Milk Fed,,30,,,,,
,7/6/2023 17:23,7/6/2023 17:27,4,,Pumped Milk Fed,,30,,,,,
,7/6/2023 17:34,7/6/2023 17:42,8,Right,Breastfeeding,,,,,,,
,7/6/2023 18:24,7/6/2023 18:37,13,Left,Breastfeeding,,,,,,,
,7/6/2023 19:11,7/6/2023 19:22,11,Right,Breastfeeding,,,,,,,
,7/6/2023 20:52,7/6/2023 21:02,10,Left,Breastfeeding,,,,,,,
,7/6/2023 21:29,7/6/2023 21:47,18,Right,Breastfeeding,,,,,,,
,7/6/2023 22:20,7/6/2023 22:30,10,Right,Breastfeeding,,,,,,,
,7/6/2023 22:42,7/6/2023 22:48,6,Left,Breastfeeding,,,,,,,
,7/7/2023 3:05,7/7/2023 3:24,19,Right,Breastfeeding,,,,,,,
,7/7/2023 3:27,7/7/2023 3:30,3,Left,Breastfeeding,,,,,,,
,7/7/2023 5:51,7/7/2023 5:58,7,Left,Breastfeeding,,,,,,,
,7/7/2023 6:12,7/7/2023 6:16,4,Right,Breastfeeding,,,,,,,
,7/7/2023 6:49,7/7/2023 6:54,5,Right,Milk Extraction,,80,,,,,
,7/7/2023 8:25,7/7/2023 8:33,8,Right,Breastfeeding,,,,,,,
,7/7/2023 6:58,7/7/2023 7:08,10,Left,Milk Extraction,,50,,,,,
Vitamin D3,7/7/2023 10:55,7/7/2023 11:16,21,,Pumped Milk Fed,1,90,,,,,
,7/7/2023 12:34,7/7/2023 12:44,10,Right,Breastfeeding,,,,,,,
,7/7/2023 12:47,7/7/2023 12:56,9,Left,Breastfeeding,,,,,,,
,7/7/2023 14:38,7/7/2023 14:44,6,,Pumped Milk Fed,,30,,,,,
,7/7/2023 14:58,7/7/2023 15:12,14,Left,Breastfeeding,,,,,,,
,7/7/2023 15:18,7/7/2023 15:25,7,Right,Breastfeeding,,,,,,,
,7/7/2023 15:53,7/7/2023 15:58,5,Right,Breastfeeding,,,,,,,
,7/7/2023 18:45,7/7/2023 18:57,12,Right,Breastfeeding,,,,,,,
,7/7/2023 19:32,7/7/2023 19:45,13,Left,Breastfeeding,,,,,,,
,7/7/2023 21:28,7/7/2023 21:46,18,Right,Breastfeeding,,,,,,,
,7/7/2023 21:50,7/7/2023 21:56,6,Left,Breastfeeding,,,,,,,
,7/7/2023 23:21,7/7/2023 23:27,6,Right,Breastfeeding,,,,,,,
,7/8/2023 2:33,7/8/2023 2:43,10,Right,Breastfeeding,,,,,,,
,7/8/2023 3:06,7/8/2023 3:11,5,Left,Breastfeeding,,,,,,,
,7/8/2023 6:10,7/8/2023 6:16,6,Left,Breastfeeding,,,,,,,
,7/8/2023 6:21,7/8/2023 6:31,10,Right,Breastfeeding,,,,,,,
,7/8/2023 9:20,7/8/2023 9:25,5,Right,Breastfeeding,,,,,,,
,7/8/2023 9:50,7/8/2023 9:58,8,Right,Breastfeeding,,,,,,,
,7/8/2023 10:19,7/8/2023 10:22,3,Left,Breastfeeding,,,,,,,
,7/8/2023 10:34,7/8/2023 10:44,10,Left,Milk Extraction,,80,,,,,
,7/8/2023 10:46,7/8/2023 10:54,8,Right,Milk Extraction,,70,,,,,
,7/8/2023 10:56,7/8/2023 10:59,3,Right,Breastfeeding,,,,,,,
Vitamin D3,7/8/2023 11:00,7/8/2023 11:13,13,,Pumped Milk Fed,1,30,,,,,
,7/8/2023 13:52,7/8/2023 14:03,11,Right,Breastfeeding,,,,,,,
,7/8/2023 14:23,7/8/2023 14:30,7,Left,Breastfeeding,,,,,,,
,7/8/2023 15:40,7/8/2023 15:59,19,,Pumped Milk Fed,,60,,,,,
,7/8/2023 16:25,7/8/2023 16:29,4,,Pumped Milk Fed,,30,,,,,
,7/8/2023 17:25,7/8/2023 17:36,11,Right,Breastfeeding,,,,,,,
,7/8/2023 18:20,7/8/2023 18:26,6,Left,Breastfeeding,,,,,,,
,7/8/2023 19:05,7/8/2023 19:21,16,Left,Breastfeeding,,,,,,,
,7/8/2023 19:42,7/8/2023 19:53,11,Left,Breastfeeding,,,,,,,
,7/8/2023 21:48,7/8/2023 22:03,15,Right,Breastfeeding,,,,,,,
,7/8/2023 23:21,7/8/2023 23:41,20,Right,Breastfeeding,,,,,,,
,7/8/2023 23:51,7/9/2023 0:05,14,Left,Breastfeeding,,,,,,,
,7/9/2023 3:31,7/9/2023 3:45,14,Right,Breastfeeding,,,,,,,
,7/9/2023 3:54,7/9/2023 3:57,3,Left,Breastfeeding,,,,,,,
,7/9/2023 6:08,7/9/2023 6:23,15,Left,Breastfeeding,,,,,,,
,7/9/2023 6:35,7/9/2023 6:41,6,Right,Breastfeeding,,,,,,,
,7/9/2023 7:41,7/9/2023 7:45,4,Right,Breastfeeding,,,,,,,
,7/9/2023 7:50,7/9/2023 7:55,5,Left,Milk Extraction,,30,,,,,
,7/9/2023 7:55,7/9/2023 8:00,5,Right,Milk Extraction,,30,,,,,
,7/9/2023 11:28,7/9/2023 11:46,18,,Pumped Milk Fed,,60,,,,,
,7/9/2023 12:30,7/9/2023 12:40,10,Right,Breastfeeding,,,,,,,
,7/9/2023 12:44,7/9/2023 12:49,5,Left,Breastfeeding,,,,,,,
,7/9/2023 14:59,7/9/2023 15:13,14,Right,Breastfeeding,,,,,,,
,7/9/2023 15:16,7/9/2023 15:23,7,Left,Breastfeeding,,,,,,,
,7/9/2023 18:18,7/9/2023 18:32,14,Left,Breastfeeding,,,,,,,
,7/9/2023 18:36,7/9/2023 18:46,10,Right,Breastfeeding,,,,,,,
,7/9/2023 20:10,7/9/2023 20:20,10,Right,Breastfeeding,,,,,,,
,7/9/2023 22:08,7/9/2023 22:15,7,Left,Breastfeeding,,,,,,,
,7/9/2023 22:18,7/9/2023 22:30,12,Right,Breastfeeding,,,,,,,
,7/10/2023 0:30,7/10/2023 0:51,21,Right,Breastfeeding,,,,,,,
,7/10/2023 0:56,7/10/2023 1:02,6,Left,Breastfeeding,,,,,,,
,7/10/2023 4:52,7/10/2023 5:03,11,Right,Breastfeeding,,,,,,,
,7/10/2023 5:14,7/10/2023 5:23,9,Left,Breastfeeding,,,,,,,
,7/10/2023 6:11,7/10/2023 6:23,12,Left,Breastfeeding,,,,,,,
,7/10/2023 10:25,7/10/2023 10:33,8,Left,Breastfeeding,,,,,,,
,7/10/2023 8:49,7/10/2023 9:15,26,Right,Breastfeeding,,,,,,,
,7/10/2023 11:23,7/10/2023 11:31,8,Left,Breastfeeding,,,,,,,
,7/10/2023 11:36,7/10/2023 11:46,10,Right,Breastfeeding,,,,,,,
,7/10/2023 13:18,7/10/2023 13:30,12,Right,Breastfeeding,,,,,,,
,7/10/2023 13:32,7/10/2023 13:38,6,Left,Breastfeeding,,,,,,,
,7/10/2023 13:46,7/10/2023 13:52,6,Left,Breastfeeding,,,,,,,
,7/10/2023 15:48,7/10/2023 15:56,8,Right,Breastfeeding,,,,,,,
,7/10/2023 15:59,7/10/2023 16:14,15,,Breastfeeding,,,,,,,
,7/10/2023 16:19,7/10/2023 16:29,10,Right,Milk Extraction,,40,,,,,
,7/10/2023 16:38,7/10/2023 16:40,2,Left,Milk Extraction,,60,,,,,
Vitamin D3,7/10/2023 16:51,7/10/2023 17:11,20,,Pumped Milk Fed,1,,30,,,,
,7/10/2023 19:08,7/10/2023 19:16,8,Right,Breastfeeding,,,,,,,
,7/10/2023 19:20,7/10/2023 19:35,18,Left,Breastfeeding,,,,,,,
